employeeId,department,month,year,workingDays,presentDays,absentDays,halfDays,leaveDays,basicSalary,da,hra,otherAllowances,grossSalary,pf,professionalTax,lopDeduction,totalDeductions,netSalary,status
EMP0001,Finance,8,2025,26,25,0,1,0,61500,7380.0,6150.0,1500,76530.0,8265.6,200,1471.73,9937.33,66592.67,paid
EMP0001,Finance,9,2025,26,23,0,0,3,61500,7380.0,6150.0,1500,76530.0,8265.6,200,0.0,8465.6,68064.4,paid
EMP0001,Finance,10,2025,27,24,0,0,3,61500,7380.0,6150.0,1500,76530.0,8265.6,200,0.0,8465.6,68064.4,paid
EMP0001,Finance,11,2025,25,24,0,1,0,61500,7380.0,6150.0,1500,76530.0,8265.6,200,1530.6,9996.2,66533.8,paid
EMP0001,Finance,12,2025,27,26,0,0,1,61500,7380.0,6150.0,1500,76530.0,8265.6,200,0.0,8465.6,68064.4,paid
EMP0001,Finance,1,2026,27,27,0,0,0,61500,7380.0,6150.0,1500,76530.0,8265.6,200,0.0,8465.6,68064.4,paid
EMP0001,Finance,2,2026,24,24,0,0,0,61500,7380.0,6150.0,1500,76530.0,8265.6,200,0.0,8465.6,68064.4,paid
EMP0001,Finance,3,2026,26,26,0,0,0,61500,7380.0,6150.0,1500,76530.0,8265.6,200,0.0,8465.6,68064.4,paid
EMP0001,Finance,4,2026,26,25,1,0,0,68000,8160.0,6800.0,1500,84460.0,9139.2,200,3248.46,12587.66,71872.34,paid
EMP0001,Finance,5,2026,26,26,0,0,0,66500,7980.0,6650.0,1500,82630.0,8937.6,200,0.0,9137.6,73492.4,paid
EMP0001,Finance,6,2026,26,24,1,0,1,68500,8220.0,6850.0,1500,85070.0,9206.4,200,3271.92,12678.32,72391.68,paid
EMP0001,Finance,7,2026,27,27,0,0,0,66500,7980.0,6650.0,1500,82630.0,8937.6,200,0.0,9137.6,73492.4,generated
EMP0002,Finance,10,2025,27,27,0,0,0,48000,5760.0,4800.0,2000,60560.0,6451.2,200,0.0,6651.2,53908.8,paid
EMP0002,Finance,11,2025,25,23,0,2,0,48000,5760.0,4800.0,2000,60560.0,6451.2,200,2422.4,9073.6,51486.4,paid
EMP0002,Finance,12,2025,27,27,0,0,0,48000,5760.0,4800.0,2000,60560.0,6451.2,200,0.0,6651.2,53908.8,paid
EMP0002,Finance,1,2026,27,24,0,2,1,48000,5760.0,4800.0,2000,60560.0,6451.2,200,2242.96,8894.16,51665.84,paid
EMP0002,Finance,2,2026,24,22,0,1,1,48000,5760.0,4800.0,2000,60560.0,6451.2,200,1261.67,7912.87,52647.13,paid
EMP0002,Finance,3,2026,26,26,0,0,0,48000,5760.0,4800.0,2000,60560.0,6451.2,200,0.0,6651.2,53908.8,paid
EMP0002,Finance,4,2026,26,26,0,0,0,48000,5760.0,4800.0,2000,60560.0,6451.2,200,0.0,6651.2,53908.8,paid
EMP0002,Finance,5,2026,26,25,0,0,1,48000,5760.0,4800.0,2000,60560.0,6451.2,200,0.0,6651.2,53908.8,paid
EMP0002,Finance,6,2026,26,24,1,1,0,48000,5760.0,4800.0,2000,60560.0,6451.2,200,3493.85,10145.05,50414.95,paid
EMP0002,Finance,7,2026,27,27,0,0,0,48000,5760.0,4800.0,2000,60560.0,6451.2,200,0.0,6651.2,53908.8,generated
EMP0003,Sales,8,2025,26,22,2,2,0,46500,5580.0,4650.0,1500,58230.0,6249.6,200,6718.85,13168.45,45061.55,paid
EMP0003,Sales,9,2025,26,23,1,1,1,46500,5580.0,4650.0,1500,58230.0,6249.6,200,3359.42,9809.02,48420.98,paid
EMP0003,Sales,10,2025,27,22,4,0,1,46500,5580.0,4650.0,1500,58230.0,6249.6,200,8626.67,15076.27,43153.73,paid
EMP0003,Sales,11,2025,25,23,0,2,0,46500,5580.0,4650.0,1500,58230.0,6249.6,200,2329.2,8778.8,49451.2,paid
EMP0003,Sales,12,2025,27,25,0,1,1,46500,5580.0,4650.0,1500,58230.0,6249.6,200,1078.33,7527.93,50702.07,paid
EMP0003,Sales,1,2026,27,23,3,1,0,46500,5580.0,4650.0,1500,58230.0,6249.6,200,7548.33,13997.93,44232.07,paid
EMP0003,Sales,2,2026,24,21,2,1,0,46500,5580.0,4650.0,1500,58230.0,6249.6,200,6065.63,12515.23,45714.77,paid
EMP0003,Sales,3,2026,26,24,1,1,0,46500,5580.0,4650.0,1500,58230.0,6249.6,200,3359.42,9809.02,48420.98,paid
EMP0003,Sales,4,2026,26,25,0,1,0,46500,5580.0,4650.0,1500,58230.0,6249.6,200,1119.81,7569.41,50660.59,paid
EMP0003,Sales,5,2026,26,21,4,0,1,46500,5580.0,4650.0,1500,58230.0,6249.6,200,8958.46,15408.06,42821.94,paid
EMP0003,Sales,6,2026,26,21,2,0,3,46500,5580.0,4650.0,1500,58230.0,6249.6,200,4479.23,10928.83,47301.17,paid
EMP0003,Sales,7,2026,27,27,0,0,0,46500,5580.0,4650.0,1500,58230.0,6249.6,200,0.0,6449.6,51780.4,generated
EMP0004,Sales,8,2025,26,24,0,1,1,58500,7020.0,5850.0,0,71370.0,7862.4,200,1372.5,9434.9,61935.1,paid
EMP0004,Sales,9,2025,26,23,0,2,1,58500,7020.0,5850.0,0,71370.0,7862.4,200,2745.0,10807.4,60562.6,paid
EMP0004,Sales,10,2025,27,25,0,1,1,58500,7020.0,5850.0,0,71370.0,7862.4,200,1321.67,9384.07,61985.93,paid
EMP0004,Sales,11,2025,25,22,1,1,1,58500,7020.0,5850.0,0,71370.0,7862.4,200,4282.2,12344.6,59025.4,paid
EMP0004,Sales,12,2025,27,24,1,2,0,58500,7020.0,5850.0,0,71370.0,7862.4,200,5286.67,13349.07,58020.93,paid
EMP0004,Sales,1,2026,27,23,0,1,3,58500,7020.0,5850.0,0,71370.0,7862.4,200,1321.67,9384.07,61985.93,paid
EMP0004,Sales,2,2026,24,19,1,0,4,58500,7020.0,5850.0,0,71370.0,7862.4,200,2973.75,11036.15,60333.85,paid
EMP0004,Sales,3,2026,26,23,1,2,0,58500,7020.0,5850.0,0,71370.0,7862.4,200,5490.0,13552.4,57817.6,paid
EMP0004,Sales,4,2026,26,23,1,1,1,62500,7500.0,6250.0,0,76250.0,8400.0,200,4399.04,12999.04,63250.96,paid
EMP0004,Sales,5,2026,26,24,0,0,2,65000,7800.0,6500.0,0,79300.0,8736.0,200,0.0,8936.0,70364.0,paid
EMP0004,Sales,6,2026,26,24,0,1,1,62500,7500.0,6250.0,0,76250.0,8400.0,200,1466.35,10066.35,66183.65,paid
EMP0004,Sales,7,2026,27,26,0,1,0,65500,7860.0,6550.0,0,79910.0,8803.2,200,1479.81,10483.01,69426.99,generated
EMP0005,Engineering,8,2025,26,23,0,1,2,72000,8640.0,7200.0,0,87840.0,9676.8,200,1689.23,11566.03,76273.97,paid
EMP0005,Engineering,9,2025,26,25,1,0,0,72000,8640.0,7200.0,0,87840.0,9676.8,200,3378.46,13255.26,74584.74,paid
EMP0005,Engineering,10,2025,27,24,3,0,0,72000,8640.0,7200.0,0,87840.0,9676.8,200,9760.0,19636.8,68203.2,paid
EMP0005,Engineering,11,2025,25,20,4,0,1,72000,8640.0,7200.0,0,87840.0,9676.8,200,14054.4,23931.2,63908.8,paid
EMP0005,Engineering,12,2025,27,26,0,1,0,72000,8640.0,7200.0,0,87840.0,9676.8,200,1626.67,11503.47,76336.53,paid
EMP0005,Engineering,1,2026,27,27,0,0,0,72000,8640.0,7200.0,0,87840.0,9676.8,200,0.0,9876.8,77963.2,paid
EMP0005,Engineering,2,2026,24,24,0,0,0,72000,8640.0,7200.0,0,87840.0,9676.8,200,0.0,9876.8,77963.2,paid
EMP0005,Engineering,3,2026,26,26,0,0,0,72000,8640.0,7200.0,0,87840.0,9676.8,200,0.0,9876.8,77963.2,paid
EMP0005,Engineering,4,2026,26,25,0,1,0,79000,9480.0,7900.0,0,96380.0,10617.6,200,1853.46,12671.06,83708.94,paid
EMP0005,Engineering,5,2026,26,24,2,0,0,81500,9780.0,8150.0,0,99430.0,10953.6,200,7648.46,18802.06,80627.94,paid
EMP0005,Engineering,6,2026,26,24,0,1,1,78500,9420.0,7850.0,0,95770.0,10550.4,200,1841.73,12592.13,83177.87,paid
EMP0005,Engineering,7,2026,27,26,0,1,0,78500,9420.0,7850.0,0,95770.0,10550.4,200,1773.52,12523.92,83246.08,generated
EMP0006,Engineering,8,2025,26,25,0,0,1,61500,7380.0,6150.0,1500,76530.0,8265.6,200,0.0,8465.6,68064.4,paid
EMP0006,Engineering,9,2025,26,24,0,0,2,61500,7380.0,6150.0,1500,76530.0,8265.6,200,0.0,8465.6,68064.4,paid
EMP0006,Engineering,10,2025,27,26,0,0,1,61500,7380.0,6150.0,1500,76530.0,8265.6,200,0.0,8465.6,68064.4,paid
EMP0006,Engineering,11,2025,25,21,1,3,0,61500,7380.0,6150.0,1500,76530.0,8265.6,200,7653.0,16118.6,60411.4,paid
EMP0006,Engineering,12,2025,27,27,0,0,0,61500,7380.0,6150.0,1500,76530.0,8265.6,200,0.0,8465.6,68064.4,paid
EMP0006,Engineering,1,2026,27,24,2,0,1,61500,7380.0,6150.0,1500,76530.0,8265.6,200,5668.89,14134.49,62395.51,paid
EMP0006,Engineering,2,2026,24,23,1,0,0,61500,7380.0,6150.0,1500,76530.0,8265.6,200,3188.75,11654.35,64875.65,paid
EMP0006,Engineering,3,2026,26,26,0,0,0,61500,7380.0,6150.0,1500,76530.0,8265.6,200,0.0,8465.6,68064.4,paid
EMP0006,Engineering,4,2026,26,26,0,0,0,67500,8100.0,6750.0,1500,83850.0,9072.0,200,0.0,9272.0,74578.0,paid
EMP0006,Engineering,5,2026,26,25,1,0,0,68500,8220.0,6850.0,1500,85070.0,9206.4,200,3271.92,12678.32,72391.68,paid
EMP0006,Engineering,6,2026,26,25,1,0,0,66000,7920.0,6600.0,1500,82020.0,8870.4,200,3154.62,12225.02,69794.98,paid
EMP0006,Engineering,7,2026,27,27,0,0,0,67000,8040.0,6700.0,1500,83240.0,9004.8,200,0.0,9204.8,74035.2,generated
EMP0007,Sales,8,2025,26,25,0,1,0,55500,6660.0,5550.0,0,67710.0,7459.2,200,1302.12,8961.32,58748.68,paid
EMP0007,Sales,9,2025,26,24,0,1,1,55500,6660.0,5550.0,0,67710.0,7459.2,200,1302.12,8961.32,58748.68,paid
EMP0007,Sales,10,2025,27,22,1,3,1,55500,6660.0,5550.0,0,67710.0,7459.2,200,6269.44,13928.64,53781.36,paid
EMP0007,Sales,11,2025,25,19,2,2,2,55500,6660.0,5550.0,0,67710.0,7459.2,200,8125.2,15784.4,51925.6,paid
EMP0007,Sales,12,2025,27,24,2,0,1,55500,6660.0,5550.0,0,67710.0,7459.2,200,5015.56,12674.76,55035.24,paid
EMP0007,Sales,1,2026,27,27,0,0,0,55500,6660.0,5550.0,0,67710.0,7459.2,200,0.0,7659.2,60050.8,paid
EMP0007,Sales,2,2026,24,21,0,2,1,55500,6660.0,5550.0,0,67710.0,7459.2,200,2821.25,10480.45,57229.55,paid
EMP0007,Sales,3,2026,26,25,0,1,0,55500,6660.0,5550.0,0,67710.0,7459.2,200,1302.12,8961.32,58748.68,paid
EMP0007,Sales,4,2026,26,19,3,1,3,60000,7200.0,6000.0,0,73200.0,8064.0,200,9853.85,18117.85,55082.15,paid
EMP0007,Sales,5,2026,26,25,1,0,0,60500,7260.0,6050.0,0,73810.0,8131.2,200,2838.85,11170.05,62639.95,paid
EMP0007,Sales,6,2026,26,23,2,1,0,63000,7560.0,6300.0,0,76860.0,8467.2,200,7390.38,16057.58,60802.42,paid
EMP0007,Sales,7,2026,27,26,1,0,0,61500,7380.0,6150.0,0,75030.0,8265.6,200,2778.89,11244.49,63785.51,generated
EMP0008,Engineering,8,2025,26,24,0,1,1,41000,4920.0,4100.0,1000,51020.0,5510.4,200,981.15,6691.55,44328.45,paid
EMP0008,Engineering,9,2025,26,23,1,0,2,41000,4920.0,4100.0,1000,51020.0,5510.4,200,1962.31,7672.71,43347.29,paid
EMP0008,Engineering,10,2025,27,23,3,1,0,41000,4920.0,4100.0,1000,51020.0,5510.4,200,6613.7,12324.1,38695.9,paid
EMP0008,Engineering,11,2025,25,24,1,0,0,41000,4920.0,4100.0,1000,51020.0,5510.4,200,2040.8,7751.2,43268.8,paid
EMP0008,Engineering,12,2025,27,26,1,0,0,41000,4920.0,4100.0,1000,51020.0,5510.4,200,1889.63,7600.03,43419.97,paid
EMP0008,Engineering,1,2026,27,25,1,0,1,41000,4920.0,4100.0,1000,51020.0,5510.4,200,1889.63,7600.03,43419.97,paid
EMP0008,Engineering,2,2026,24,24,0,0,0,41000,4920.0,4100.0,1000,51020.0,5510.4,200,0.0,5710.4,45309.6,paid
EMP0008,Engineering,3,2026,26,25,0,0,1,41000,4920.0,4100.0,1000,51020.0,5510.4,200,0.0,5710.4,45309.6,paid
EMP0008,Engineering,4,2026,26,25,1,0,0,45000,5400.0,4500.0,1000,55900.0,6048.0,200,2150.0,8398.0,47502.0,paid
EMP0008,Engineering,5,2026,26,24,0,1,1,44000,5280.0,4400.0,1000,54680.0,5913.6,200,1051.54,7165.14,47514.86,paid
EMP0008,Engineering,6,2026,26,25,0,0,1,45500,5460.0,4550.0,1000,56510.0,6115.2,200,0.0,6315.2,50194.8,paid
EMP0008,Engineering,7,2026,27,25,0,2,0,46000,5520.0,4600.0,1000,57120.0,6182.4,200,2115.56,8497.96,48622.04,generated
EMP0009,Marketing,8,2025,26,23,1,1,1,36000,4320.0,3600.0,1500,45420.0,4838.4,200,2620.38,7658.78,37761.22,paid
EMP0009,Marketing,9,2025,26,26,0,0,0,36000,4320.0,3600.0,1500,45420.0,4838.4,200,0.0,5038.4,40381.6,paid
EMP0009,Marketing,10,2025,27,24,0,1,2,36000,4320.0,3600.0,1500,45420.0,4838.4,200,841.11,5879.51,39540.49,paid
EMP0009,Marketing,11,2025,25,22,1,0,2,36000,4320.0,3600.0,1500,45420.0,4838.4,200,1816.8,6855.2,38564.8,paid
EMP0009,Marketing,12,2025,27,23,3,0,1,36000,4320.0,3600.0,1500,45420.0,4838.4,200,5046.67,10085.07,35334.93,paid
EMP0009,Marketing,1,2026,27,26,0,1,0,36000,4320.0,3600.0,1500,45420.0,4838.4,200,841.11,5879.51,39540.49,paid
EMP0009,Marketing,2,2026,24,23,0,1,0,36000,4320.0,3600.0,1500,45420.0,4838.4,200,946.25,5984.65,39435.35,paid
EMP0009,Marketing,3,2026,26,23,2,1,0,36000,4320.0,3600.0,1500,45420.0,4838.4,200,4367.31,9405.71,36014.29,paid
EMP0009,Marketing,4,2026,26,26,0,0,0,39000,4680.0,3900.0,1500,49080.0,5241.6,200,0.0,5441.6,43638.4,paid
EMP0009,Marketing,5,2026,26,24,0,1,1,41000,4920.0,4100.0,1500,51520.0,5510.4,200,990.77,6701.17,44818.83,paid
EMP0009,Marketing,6,2026,26,23,0,1,2,39000,4680.0,3900.0,1500,49080.0,5241.6,200,943.85,6385.45,42694.55,paid
EMP0009,Marketing,7,2026,27,24,1,0,2,38500,4620.0,3850.0,1500,48470.0,5174.4,200,1795.19,7169.59,41300.41,generated
EMP0010,Operations,8,2025,26,25,0,0,1,42000,5040.0,4200.0,1000,52240.0,5644.8,200,0.0,5844.8,46395.2,paid
EMP0010,Operations,9,2025,26,26,0,0,0,42000,5040.0,4200.0,1000,52240.0,5644.8,200,0.0,5844.8,46395.2,paid
EMP0010,Operations,10,2025,27,26,0,1,0,42000,5040.0,4200.0,1000,52240.0,5644.8,200,967.41,6812.21,45427.79,paid
EMP0010,Operations,11,2025,25,25,0,0,0,42000,5040.0,4200.0,1000,52240.0,5644.8,200,0.0,5844.8,46395.2,paid
EMP0010,Operations,12,2025,27,27,0,0,0,42000,5040.0,4200.0,1000,52240.0,5644.8,200,0.0,5844.8,46395.2,paid
EMP0011,HR,8,2025,26,23,1,2,0,36500,4380.0,3650.0,1000,45530.0,4905.6,200,3502.31,8607.91,36922.09,paid
EMP0011,HR,9,2025,26,24,2,0,0,36500,4380.0,3650.0,1000,45530.0,4905.6,200,3502.31,8607.91,36922.09,paid
EMP0011,HR,10,2025,27,26,0,0,1,36500,4380.0,3650.0,1000,45530.0,4905.6,200,0.0,5105.6,40424.4,paid
EMP0011,HR,11,2025,25,23,1,0,1,36500,4380.0,3650.0,1000,45530.0,4905.6,200,1821.2,6926.8,38603.2,paid
EMP0011,HR,12,2025,27,25,1,1,0,36500,4380.0,3650.0,1000,45530.0,4905.6,200,2529.44,7635.04,37894.96,paid
EMP0011,HR,1,2026,27,24,1,1,1,36500,4380.0,3650.0,1000,45530.0,4905.6,200,2529.44,7635.04,37894.96,paid
EMP0011,HR,2,2026,24,23,1,0,0,36500,4380.0,3650.0,1000,45530.0,4905.6,200,1897.08,7002.68,38527.32,paid
EMP0011,HR,3,2026,26,25,1,0,0,36500,4380.0,3650.0,1000,45530.0,4905.6,200,1751.15,6856.75,38673.25,paid
EMP0011,HR,4,2026,26,23,1,1,1,41000,4920.0,4100.0,1000,51020.0,5510.4,200,2943.46,8653.86,42366.14,paid
EMP0011,HR,5,2026,26,25,0,1,0,40500,4860.0,4050.0,1000,50410.0,5443.2,200,969.42,6612.62,43797.38,paid
EMP0011,HR,6,2026,26,25,1,0,0,40000,4800.0,4000.0,1000,49800.0,5376.0,200,1915.38,7491.38,42308.62,paid
EMP0011,HR,7,2026,27,24,2,1,0,41500,4980.0,4150.0,1000,51630.0,5577.6,200,4780.56,10558.16,41071.84,generated
EMP0012,Finance,8,2025,26,23,0,2,1,54000,6480.0,5400.0,0,65880.0,7257.6,200,2533.85,9991.45,55888.55,paid
EMP0012,Finance,9,2025,26,24,0,0,2,54000,6480.0,5400.0,0,65880.0,7257.6,200,0.0,7457.6,58422.4,paid
EMP0012,Finance,10,2025,27,26,1,0,0,54000,6480.0,5400.0,0,65880.0,7257.6,200,2440.0,9897.6,55982.4,paid
EMP0012,Finance,11,2025,25,25,0,0,0,54000,6480.0,5400.0,0,65880.0,7257.6,200,0.0,7457.6,58422.4,paid
EMP0012,Finance,12,2025,27,24,1,1,1,54000,6480.0,5400.0,0,65880.0,7257.6,200,3660.0,11117.6,54762.4,paid
EMP0012,Finance,1,2026,27,25,0,1,1,54000,6480.0,5400.0,0,65880.0,7257.6,200,1220.0,8677.6,57202.4,paid
EMP0012,Finance,2,2026,24,24,0,0,0,54000,6480.0,5400.0,0,65880.0,7257.6,200,0.0,7457.6,58422.4,paid
EMP0012,Finance,3,2026,26,26,0,0,0,54000,6480.0,5400.0,0,65880.0,7257.6,200,0.0,7457.6,58422.4,paid
EMP0012,Finance,4,2026,26,23,1,0,2,54000,6480.0,5400.0,0,65880.0,7257.6,200,2533.85,9991.45,55888.55,paid
EMP0012,Finance,5,2026,26,24,0,1,1,54000,6480.0,5400.0,0,65880.0,7257.6,200,1266.92,8724.52,57155.48,paid
EMP0012,Finance,6,2026,26,26,0,0,0,54000,6480.0,5400.0,0,65880.0,7257.6,200,0.0,7457.6,58422.4,paid
EMP0012,Finance,7,2026,27,27,0,0,0,54000,6480.0,5400.0,0,65880.0,7257.6,200,0.0,7457.6,58422.4,generated
EMP0013,Finance,8,2025,26,24,0,1,1,48500,5820.0,4850.0,1000,60170.0,6518.4,200,1157.12,7875.52,52294.48,paid
EMP0013,Finance,9,2025,26,23,2,0,1,48500,5820.0,4850.0,1000,60170.0,6518.4,200,4628.46,11346.86,48823.14,paid
EMP0013,Finance,10,2025,27,25,1,1,0,48500,5820.0,4850.0,1000,60170.0,6518.4,200,3342.78,10061.18,50108.82,paid
EMP0013,Finance,11,2025,25,24,1,0,0,48500,5820.0,4850.0,1000,60170.0,6518.4,200,2406.8,9125.2,51044.8,paid
EMP0013,Finance,12,2025,27,25,2,0,0,48500,5820.0,4850.0,1000,60170.0,6518.4,200,4457.04,11175.44,48994.56,paid
EMP0013,Finance,1,2026,27,27,0,0,0,48500,5820.0,4850.0,1000,60170.0,6518.4,200,0.0,6718.4,53451.6,paid
EMP0013,Finance,2,2026,24,24,0,0,0,48500,5820.0,4850.0,1000,60170.0,6518.4,200,0.0,6718.4,53451.6,paid
EMP0013,Finance,3,2026,26,26,0,0,0,48500,5820.0,4850.0,1000,60170.0,6518.4,200,0.0,6718.4,53451.6,paid
EMP0013,Finance,4,2026,26,25,0,0,1,54500,6540.0,5450.0,1000,67490.0,7324.8,200,0.0,7524.8,59965.2,paid
EMP0013,Finance,5,2026,26,23,1,1,1,55500,6660.0,5550.0,1000,68710.0,7459.2,200,3964.04,11623.24,57086.76,paid
EMP0013,Finance,6,2026,26,24,1,1,0,54000,6480.0,5400.0,1000,66880.0,7257.6,200,3858.46,11316.06,55563.94,paid
EMP0013,Finance,7,2026,27,25,2,0,0,53500,6420.0,5350.0,1000,66270.0,7190.4,200,4908.89,12299.29,53970.71,generated
EMP0014,Sales,8,2025,26,25,0,1,0,40500,4860.0,4050.0,2000,51410.0,5443.2,200,988.65,6631.85,44778.15,paid
EMP0014,Sales,9,2025,26,25,0,0,1,40500,4860.0,4050.0,2000,51410.0,5443.2,200,0.0,5643.2,45766.8,paid
EMP0015,Operations,8,2025,26,25,0,1,0,37000,4440.0,3700.0,0,45140.0,4972.8,200,868.08,6040.88,39099.12,paid
EMP0015,Operations,9,2025,26,24,1,1,0,37000,4440.0,3700.0,0,45140.0,4972.8,200,2604.23,7777.03,37362.97,paid
EMP0015,Operations,10,2025,27,24,2,1,0,37000,4440.0,3700.0,0,45140.0,4972.8,200,4179.63,9352.43,35787.57,paid
EMP0015,Operations,11,2025,25,22,1,2,0,37000,4440.0,3700.0,0,45140.0,4972.8,200,3611.2,8784.0,36356.0,paid
EMP0015,Operations,12,2025,27,21,3,3,0,37000,4440.0,3700.0,0,45140.0,4972.8,200,7523.33,12696.13,32443.87,paid
EMP0015,Operations,1,2026,27,22,1,2,2,37000,4440.0,3700.0,0,45140.0,4972.8,200,3343.7,8516.5,36623.5,paid
EMP0015,Operations,2,2026,24,23,1,0,0,37000,4440.0,3700.0,0,45140.0,4972.8,200,1880.83,7053.63,38086.37,paid
EMP0015,Operations,3,2026,26,24,0,1,1,37000,4440.0,3700.0,0,45140.0,4972.8,200,868.08,6040.88,39099.12,paid
EMP0015,Operations,4,2026,26,26,0,0,0,41000,4920.0,4100.0,0,50020.0,5510.4,200,0.0,5710.4,44309.6,paid
EMP0015,Operations,5,2026,26,23,1,2,0,40500,4860.0,4050.0,0,49410.0,5443.2,200,3800.77,9443.97,39966.03,paid
EMP0015,Operations,6,2026,26,24,0,1,1,40000,4800.0,4000.0,0,48800.0,5376.0,200,938.46,6514.46,42285.54,paid
EMP0015,Operations,7,2026,27,26,0,1,0,41500,4980.0,4150.0,0,50630.0,5577.6,200,937.59,6715.19,43914.81,generated
EMP0016,Engineering,8,2025,26,25,0,1,0,80500,9660.0,8050.0,0,98210.0,10819.2,200,1888.65,12907.85,85302.15,paid
EMP0016,Engineering,9,2025,26,24,0,2,0,80500,9660.0,8050.0,0,98210.0,10819.2,200,3777.31,14796.51,83413.49,paid
EMP0016,Engineering,10,2025,27,26,1,0,0,80500,9660.0,8050.0,0,98210.0,10819.2,200,3637.41,14656.61,83553.39,paid
EMP0016,Engineering,11,2025,25,21,1,1,2,80500,9660.0,8050.0,0,98210.0,10819.2,200,5892.6,16911.8,81298.2,paid
EMP0016,Engineering,12,2025,27,24,3,0,0,80500,9660.0,8050.0,0,98210.0,10819.2,200,10912.22,21931.42,76278.58,paid
EMP0016,Engineering,1,2026,27,27,0,0,0,80500,9660.0,8050.0,0,98210.0,10819.2,200,0.0,11019.2,87190.8,paid
EMP0016,Engineering,2,2026,24,23,1,0,0,80500,9660.0,8050.0,0,98210.0,10819.2,200,4092.08,15111.28,83098.72,paid
EMP0016,Engineering,3,2026,26,25,1,0,0,80500,9660.0,8050.0,0,98210.0,10819.2,200,3777.31,14796.51,83413.49,paid
EMP0016,Engineering,4,2026,26,25,1,0,0,85500,10260.0,8550.0,0,104310.0,11491.2,200,4011.92,15703.12,88606.88,paid
EMP0016,Engineering,5,2026,26,22,1,1,2,91000,10920.0,9100.0,0,111020.0,12230.4,200,6405.0,18835.4,92184.6,paid
EMP0016,Engineering,6,2026,26,24,0,1,1,87000,10440.0,8700.0,0,106140.0,11692.8,200,2041.15,13933.95,92206.05,paid
EMP0016,Engineering,7,2026,27,26,1,0,0,87000,10440.0,8700.0,0,106140.0,11692.8,200,3931.11,15823.91,90316.09,generated
EMP0017,HR,8,2025,26,25,1,0,0,46500,5580.0,4650.0,1500,58230.0,6249.6,200,2239.62,8689.22,49540.78,paid
EMP0017,HR,9,2025,26,22,0,0,4,46500,5580.0,4650.0,1500,58230.0,6249.6,200,0.0,6449.6,51780.4,paid
EMP0017,HR,10,2025,27,25,0,2,0,46500,5580.0,4650.0,1500,58230.0,6249.6,200,2156.67,8606.27,49623.73,paid
EMP0017,HR,11,2025,25,23,0,2,0,46500,5580.0,4650.0,1500,58230.0,6249.6,200,2329.2,8778.8,49451.2,paid
EMP0017,HR,12,2025,27,27,0,0,0,46500,5580.0,4650.0,1500,58230.0,6249.6,200,0.0,6449.6,51780.4,paid
EMP0017,HR,1,2026,27,27,0,0,0,46500,5580.0,4650.0,1500,58230.0,6249.6,200,0.0,6449.6,51780.4,paid
EMP0017,HR,2,2026,24,22,0,1,1,46500,5580.0,4650.0,1500,58230.0,6249.6,200,1213.13,7662.73,50567.27,paid
EMP0017,HR,3,2026,26,25,0,1,0,46500,5580.0,4650.0,1500,58230.0,6249.6,200,1119.81,7569.41,50660.59,paid
EMP0017,HR,4,2026,26,22,1,2,1,49500,5940.0,4950.0,1500,61890.0,6652.8,200,4760.77,11613.57,50276.43,paid
EMP0017,HR,5,2026,26,24,1,1,0,50500,6060.0,5050.0,1500,63110.0,6787.2,200,3640.96,10628.16,52481.84,paid
EMP0017,HR,6,2026,26,23,0,2,1,49500,5940.0,4950.0,1500,61890.0,6652.8,200,2380.38,9233.18,52656.82,paid
EMP0017,HR,7,2026,27,25,1,1,0,50000,6000.0,5000.0,1500,62500.0,6720.0,200,3472.22,10392.22,52107.78,generated
EMP0018,Engineering,8,2025,26,25,0,0,1,45000,5400.0,4500.0,0,54900.0,6048.0,200,0.0,6248.0,48652.0,paid
EMP0018,Engineering,9,2025,26,25,1,0,0,45000,5400.0,4500.0,0,54900.0,6048.0,200,2111.54,8359.54,46540.46,paid
EMP0018,Engineering,10,2025,27,24,3,0,0,45000,5400.0,4500.0,0,54900.0,6048.0,200,6100.0,12348.0,42552.0,paid
EMP0018,Engineering,11,2025,25,21,1,1,2,45000,5400.0,4500.0,0,54900.0,6048.0,200,3294.0,9542.0,45358.0,paid
EMP0018,Engineering,12,2025,27,26,0,1,0,45000,5400.0,4500.0,0,54900.0,6048.0,200,1016.67,7264.67,47635.33,paid
EMP0018,Engineering,1,2026,27,24,2,0,1,45000,5400.0,4500.0,0,54900.0,6048.0,200,4066.67,10314.67,44585.33,paid
EMP0018,Engineering,2,2026,24,23,0,0,1,45000,5400.0,4500.0,0,54900.0,6048.0,200,0.0,6248.0,48652.0,paid
EMP0018,Engineering,3,2026,26,24,1,0,1,45000,5400.0,4500.0,0,54900.0,6048.0,200,2111.54,8359.54,46540.46,paid
EMP0018,Engineering,4,2026,26,24,0,1,1,50000,6000.0,5000.0,0,61000.0,6720.0,200,1173.08,8093.08,52906.92,paid
EMP0018,Engineering,5,2026,26,25,0,1,0,49000,5880.0,4900.0,0,59780.0,6585.6,200,1149.62,7935.22,51844.78,paid
EMP0018,Engineering,6,2026,26,25,0,1,0,47500,5700.0,4750.0,0,57950.0,6384.0,200,1114.42,7698.42,50251.58,paid
EMP0018,Engineering,7,2026,27,22,0,4,1,49000,5880.0,4900.0,0,59780.0,6585.6,200,4428.15,11213.75,48566.25,generated
EMP0019,Operations,8,2025,26,26,0,0,0,52500,6300.0,5250.0,0,64050.0,7056.0,200,0.0,7256.0,56794.0,paid
EMP0019,Operations,9,2025,26,26,0,0,0,52500,6300.0,5250.0,0,64050.0,7056.0,200,0.0,7256.0,56794.0,paid
EMP0019,Operations,10,2025,27,27,0,0,0,52500,6300.0,5250.0,0,64050.0,7056.0,200,0.0,7256.0,56794.0,paid
EMP0019,Operations,11,2025,25,24,0,1,0,52500,6300.0,5250.0,0,64050.0,7056.0,200,1281.0,8537.0,55513.0,paid
EMP0019,Operations,12,2025,27,25,2,0,0,52500,6300.0,5250.0,0,64050.0,7056.0,200,4744.44,12000.44,52049.56,paid
EMP0019,Operations,1,2026,27,25,1,0,1,52500,6300.0,5250.0,0,64050.0,7056.0,200,2372.22,9628.22,54421.78,paid
EMP0019,Operations,2,2026,24,24,0,0,0,52500,6300.0,5250.0,0,64050.0,7056.0,200,0.0,7256.0,56794.0,paid
EMP0019,Operations,3,2026,26,25,0,1,0,52500,6300.0,5250.0,0,64050.0,7056.0,200,1231.73,8487.73,55562.27,paid
EMP0019,Operations,4,2026,26,22,2,2,0,55500,6660.0,5550.0,0,67710.0,7459.2,200,7812.69,15471.89,52238.11,paid
EMP0019,Operations,5,2026,26,23,1,2,0,59500,7140.0,5950.0,0,72590.0,7996.8,200,5583.85,13780.65,58809.35,paid
EMP0019,Operations,6,2026,26,24,0,1,1,59500,7140.0,5950.0,0,72590.0,7996.8,200,1395.96,9592.76,62997.24,paid
EMP0019,Operations,7,2026,27,27,0,0,0,57000,6840.0,5700.0,0,69540.0,7660.8,200,0.0,7860.8,61679.2,generated
EMP0020,Support,8,2025,26,24,2,0,0,38000,4560.0,3800.0,2500,48860.0,5107.2,200,3758.46,9065.66,39794.34,paid
EMP0020,Support,9,2025,26,22,3,1,0,38000,4560.0,3800.0,2500,48860.0,5107.2,200,6577.31,11884.51,36975.49,paid
EMP0020,Support,10,2025,27,23,2,1,1,38000,4560.0,3800.0,2500,48860.0,5107.2,200,4524.07,9831.27,39028.73,paid
EMP0020,Support,11,2025,25,24,1,0,0,38000,4560.0,3800.0,2500,48860.0,5107.2,200,1954.4,7261.6,41598.4,paid
EMP0020,Support,12,2025,27,26,0,1,0,38000,4560.0,3800.0,2500,48860.0,5107.2,200,904.81,6212.01,42647.99,paid
EMP0020,Support,1,2026,27,25,2,0,0,38000,4560.0,3800.0,2500,48860.0,5107.2,200,3619.26,8926.46,39933.54,paid
EMP0020,Support,2,2026,24,19,2,2,1,38000,4560.0,3800.0,2500,48860.0,5107.2,200,6107.5,11414.7,37445.3,paid
EMP0020,Support,3,2026,26,25,0,1,0,38000,4560.0,3800.0,2500,48860.0,5107.2,200,939.62,6246.82,42613.18,paid
EMP0020,Support,4,2026,26,26,0,0,0,41000,4920.0,4100.0,2500,52520.0,5510.4,200,0.0,5710.4,46809.6,paid
EMP0020,Support,5,2026,26,23,2,1,0,40500,4860.0,4050.0,2500,51910.0,5443.2,200,4991.35,10634.55,41275.45,paid
EMP0020,Support,6,2026,26,22,1,1,2,42500,5100.0,4250.0,2500,54350.0,5712.0,200,3135.58,9047.58,45302.42,paid
EMP0020,Support,7,2026,27,25,1,1,0,40500,4860.0,4050.0,2500,51910.0,5443.2,200,2883.89,8527.09,43382.91,generated
EMP0021,Marketing,8,2025,26,25,1,0,0,39500,4740.0,3950.0,2000,50190.0,5308.8,200,1930.38,7439.18,42750.82,paid
EMP0021,Marketing,9,2025,26,26,0,0,0,39500,4740.0,3950.0,2000,50190.0,5308.8,200,0.0,5508.8,44681.2,paid
EMP0021,Marketing,10,2025,27,26,0,0,1,39500,4740.0,3950.0,2000,50190.0,5308.8,200,0.0,5508.8,44681.2,paid
EMP0021,Marketing,11,2025,25,21,1,1,2,39500,4740.0,3950.0,2000,50190.0,5308.8,200,3011.4,8520.2,41669.8,paid
EMP0021,Marketing,12,2025,27,24,2,0,1,39500,4740.0,3950.0,2000,50190.0,5308.8,200,3717.78,9226.58,40963.42,paid
EMP0021,Marketing,1,2026,27,24,1,2,0,39500,4740.0,3950.0,2000,50190.0,5308.8,200,3717.78,9226.58,40963.42,paid
EMP0021,Marketing,2,2026,24,23,1,0,0,39500,4740.0,3950.0,2000,50190.0,5308.8,200,2091.25,7600.05,42589.95,paid
EMP0021,Marketing,3,2026,26,26,0,0,0,39500,4740.0,3950.0,2000,50190.0,5308.8,200,0.0,5508.8,44681.2,paid
EMP0021,Marketing,4,2026,26,24,1,0,1,44000,5280.0,4400.0,2000,55680.0,5913.6,200,2141.54,8255.14,47424.86,paid
EMP0021,Marketing,5,2026,26,25,1,0,0,42500,5100.0,4250.0,2000,53850.0,5712.0,200,2071.15,7983.15,45866.85,paid
EMP0021,Marketing,6,2026,26,25,1,0,0,44000,5280.0,4400.0,2000,55680.0,5913.6,200,2141.54,8255.14,47424.86,paid
EMP0021,Marketing,7,2026,27,26,1,0,0,43000,5160.0,4300.0,2000,54460.0,5779.2,200,2017.04,7996.24,46463.76,generated
EMP0022,Support,8,2025,26,24,1,1,0,28000,3360.0,2800.0,1500,35660.0,3763.2,200,2057.31,6020.51,29639.49,paid
EMP0022,Support,9,2025,26,24,1,0,1,28000,3360.0,2800.0,1500,35660.0,3763.2,200,1371.54,5334.74,30325.26,paid
EMP0022,Support,10,2025,27,23,1,3,0,28000,3360.0,2800.0,1500,35660.0,3763.2,200,3301.85,7265.05,28394.95,paid
EMP0022,Support,11,2025,25,24,1,0,0,28000,3360.0,2800.0,1500,35660.0,3763.2,200,1426.4,5389.6,30270.4,paid
EMP0022,Support,12,2025,27,25,0,0,2,28000,3360.0,2800.0,1500,35660.0,3763.2,200,0.0,3963.2,31696.8,paid
EMP0022,Support,1,2026,27,24,0,2,1,28000,3360.0,2800.0,1500,35660.0,3763.2,200,1320.74,5283.94,30376.06,paid
EMP0022,Support,2,2026,24,23,0,1,0,28000,3360.0,2800.0,1500,35660.0,3763.2,200,742.92,4706.12,30953.88,paid
EMP0022,Support,3,2026,26,23,1,1,1,28000,3360.0,2800.0,1500,35660.0,3763.2,200,2057.31,6020.51,29639.49,paid
EMP0022,Support,4,2026,26,25,1,0,0,30000,3600.0,3000.0,1500,38100.0,4032.0,200,1465.38,5697.38,32402.62,paid
EMP0022,Support,5,2026,26,24,1,1,0,30500,3660.0,3050.0,1500,38710.0,4099.2,200,2233.27,6532.47,32177.53,paid
EMP0022,Support,6,2026,26,24,1,1,0,31000,3720.0,3100.0,1500,39320.0,4166.4,200,2268.46,6634.86,32685.14,paid
EMP0022,Support,7,2026,27,25,2,0,0,31000,3720.0,3100.0,1500,39320.0,4166.4,200,2912.59,7278.99,32041.01,generated
EMP0023,Finance,9,2025,26,26,0,0,0,57500,6900.0,5750.0,1000,71150.0,7728.0,200,0.0,7928.0,63222.0,paid
EMP0023,Finance,10,2025,27,23,2,0,2,57500,6900.0,5750.0,1000,71150.0,7728.0,200,5270.37,13198.37,57951.63,paid
EMP0023,Finance,11,2025,25,23,0,0,2,57500,6900.0,5750.0,1000,71150.0,7728.0,200,0.0,7928.0,63222.0,paid
EMP0023,Finance,12,2025,27,24,2,0,1,57500,6900.0,5750.0,1000,71150.0,7728.0,200,5270.37,13198.37,57951.63,paid
EMP0023,Finance,1,2026,27,25,0,2,0,57500,6900.0,5750.0,1000,71150.0,7728.0,200,2635.19,10563.19,60586.81,paid
EMP0023,Finance,2,2026,24,24,0,0,0,57500,6900.0,5750.0,1000,71150.0,7728.0,200,0.0,7928.0,63222.0,paid
EMP0023,Finance,3,2026,26,23,1,0,2,57500,6900.0,5750.0,1000,71150.0,7728.0,200,2736.54,10664.54,60485.46,paid
EMP0023,Finance,4,2026,26,25,0,0,1,57500,6900.0,5750.0,1000,71150.0,7728.0,200,0.0,7928.0,63222.0,paid
EMP0023,Finance,5,2026,26,24,0,2,0,57500,6900.0,5750.0,1000,71150.0,7728.0,200,2736.54,10664.54,60485.46,paid
EMP0023,Finance,6,2026,26,25,0,0,1,57500,6900.0,5750.0,1000,71150.0,7728.0,200,0.0,7928.0,63222.0,paid
EMP0023,Finance,7,2026,27,27,0,0,0,57500,6900.0,5750.0,1000,71150.0,7728.0,200,0.0,7928.0,63222.0,generated
EMP0024,Sales,8,2025,26,22,2,1,1,55500,6660.0,5550.0,1000,68710.0,7459.2,200,6606.73,14265.93,54444.07,paid
EMP0024,Sales,9,2025,26,26,0,0,0,55500,6660.0,5550.0,1000,68710.0,7459.2,200,0.0,7659.2,61050.8,paid
EMP0024,Sales,10,2025,27,26,1,0,0,55500,6660.0,5550.0,1000,68710.0,7459.2,200,2544.81,10204.01,58505.99,paid
EMP0024,Sales,11,2025,25,22,0,2,1,55500,6660.0,5550.0,1000,68710.0,7459.2,200,2748.4,10407.6,58302.4,paid
EMP0024,Sales,12,2025,27,22,2,2,1,55500,6660.0,5550.0,1000,68710.0,7459.2,200,7634.44,15293.64,53416.36,paid
EMP0024,Sales,1,2026,27,24,1,1,1,55500,6660.0,5550.0,1000,68710.0,7459.2,200,3817.22,11476.42,57233.58,paid
EMP0024,Sales,2,2026,24,22,1,1,0,55500,6660.0,5550.0,1000,68710.0,7459.2,200,4294.38,11953.58,56756.42,paid
EMP0024,Sales,3,2026,26,24,0,1,1,55500,6660.0,5550.0,1000,68710.0,7459.2,200,1321.35,8980.55,59729.45,paid
EMP0024,Sales,4,2026,26,24,1,1,0,61500,7380.0,6150.0,1000,76030.0,8265.6,200,4386.35,12851.95,63178.05,paid
EMP0024,Sales,5,2026,26,24,1,1,0,60500,7260.0,6050.0,1000,74810.0,8131.2,200,4315.96,12647.16,62162.84,paid
EMP0024,Sales,6,2026,26,25,1,0,0,61500,7380.0,6150.0,1000,76030.0,8265.6,200,2924.23,11389.83,64640.17,paid
EMP0024,Sales,7,2026,27,25,1,0,1,59000,7080.0,5900.0,1000,72980.0,7929.6,200,2702.96,10832.56,62147.44,generated
EMP0025,Engineering,8,2025,26,25,1,0,0,83500,10020.0,8350.0,2000,103870.0,11222.4,200,3995.0,15417.4,88452.6,paid
EMP0025,Engineering,9,2025,26,25,0,0,1,83500,10020.0,8350.0,2000,103870.0,11222.4,200,0.0,11422.4,92447.6,paid
EMP0025,Engineering,10,2025,27,26,1,0,0,83500,10020.0,8350.0,2000,103870.0,11222.4,200,3847.04,15269.44,88600.56,paid
EMP0025,Engineering,11,2025,25,24,0,1,0,83500,10020.0,8350.0,2000,103870.0,11222.4,200,2077.4,13499.8,90370.2,paid
EMP0025,Engineering,12,2025,27,27,0,0,0,83500,10020.0,8350.0,2000,103870.0,11222.4,200,0.0,11422.4,92447.6,paid
EMP0025,Engineering,1,2026,27,25,0,2,0,83500,10020.0,8350.0,2000,103870.0,11222.4,200,3847.04,15269.44,88600.56,paid
EMP0025,Engineering,2,2026,24,24,0,0,0,83500,10020.0,8350.0,2000,103870.0,11222.4,200,0.0,11422.4,92447.6,paid
EMP0025,Engineering,3,2026,26,25,0,0,1,83500,10020.0,8350.0,2000,103870.0,11222.4,200,0.0,11422.4,92447.6,paid
EMP0025,Engineering,4,2026,26,26,0,0,0,92500,11100.0,9250.0,2000,114850.0,12432.0,200,0.0,12632.0,102218.0,paid
EMP0025,Engineering,5,2026,26,24,2,0,0,93500,11220.0,9350.0,2000,116070.0,12566.4,200,8928.46,21694.86,94375.14,paid
EMP0025,Engineering,6,2026,26,23,0,2,1,89500,10740.0,8950.0,2000,111190.0,12028.8,200,4276.54,16505.34,94684.66,paid
EMP0025,Engineering,7,2026,27,25,1,0,1,94000,11280.0,9400.0,2000,116680.0,12633.6,200,4321.48,17155.08,99524.92,generated
EMP0026,Finance,8,2025,26,26,0,0,0,63000,7560.0,6300.0,1000,77860.0,8467.2,200,0.0,8667.2,69192.8,paid
EMP0026,Finance,9,2025,26,25,0,0,1,63000,7560.0,6300.0,1000,77860.0,8467.2,200,0.0,8667.2,69192.8,paid
EMP0026,Finance,10,2025,27,24,2,0,1,63000,7560.0,6300.0,1000,77860.0,8467.2,200,5767.41,14434.61,63425.39,paid
EMP0026,Finance,11,2025,25,24,1,0,0,63000,7560.0,6300.0,1000,77860.0,8467.2,200,3114.4,11781.6,66078.4,paid
EMP0026,Finance,12,2025,27,25,1,1,0,63000,7560.0,6300.0,1000,77860.0,8467.2,200,4325.56,12992.76,64867.24,paid
EMP0026,Finance,1,2026,27,25,2,0,0,63000,7560.0,6300.0,1000,77860.0,8467.2,200,5767.41,14434.61,63425.39,paid
EMP0026,Finance,2,2026,24,23,0,1,0,63000,7560.0,6300.0,1000,77860.0,8467.2,200,1622.08,10289.28,67570.72,paid
EMP0026,Finance,3,2026,26,25,1,0,0,63000,7560.0,6300.0,1000,77860.0,8467.2,200,2994.62,11661.82,66198.18,paid
EMP0026,Finance,4,2026,26,24,2,0,0,71500,8580.0,7150.0,1000,88230.0,9609.6,200,6786.92,16596.52,71633.48,paid
EMP0026,Finance,5,2026,26,24,0,1,1,71500,8580.0,7150.0,1000,88230.0,9609.6,200,1696.73,11506.33,76723.67,paid
EMP0026,Finance,6,2026,26,23,2,1,0,67000,8040.0,6700.0,1000,82740.0,9004.8,200,7955.77,17160.57,65579.43,paid
EMP0026,Finance,7,2026,27,26,0,1,0,71500,8580.0,7150.0,1000,88230.0,9609.6,200,1633.89,11443.49,76786.51,generated
EMP0027,Engineering,11,2025,25,23,0,0,2,72000,8640.0,7200.0,0,87840.0,9676.8,200,0.0,9876.8,77963.2,paid
EMP0027,Engineering,12,2025,27,24,1,2,0,72000,8640.0,7200.0,0,87840.0,9676.8,200,6506.67,16383.47,71456.53,paid
EMP0027,Engineering,1,2026,27,21,1,4,1,72000,8640.0,7200.0,0,87840.0,9676.8,200,9760.0,19636.8,68203.2,paid
EMP0027,Engineering,2,2026,24,23,1,0,0,72000,8640.0,7200.0,0,87840.0,9676.8,200,3660.0,13536.8,74303.2,paid
EMP0027,Engineering,3,2026,26,26,0,0,0,72000,8640.0,7200.0,0,87840.0,9676.8,200,0.0,9876.8,77963.2,paid
EMP0027,Engineering,4,2026,26,25,1,0,0,72000,8640.0,7200.0,0,87840.0,9676.8,200,3378.46,13255.26,74584.74,paid
EMP0027,Engineering,5,2026,26,25,0,0,1,72000,8640.0,7200.0,0,87840.0,9676.8,200,0.0,9876.8,77963.2,paid
EMP0027,Engineering,6,2026,26,26,0,0,0,72000,8640.0,7200.0,0,87840.0,9676.8,200,0.0,9876.8,77963.2,paid
EMP0027,Engineering,7,2026,27,24,2,0,1,72000,8640.0,7200.0,0,87840.0,9676.8,200,6506.67,16383.47,71456.53,generated
EMP0028,Engineering,8,2025,26,23,0,2,1,66000,7920.0,6600.0,2500,83020.0,8870.4,200,3193.08,12263.48,70756.52,paid
EMP0028,Engineering,9,2025,26,25,1,0,0,66000,7920.0,6600.0,2500,83020.0,8870.4,200,3193.08,12263.48,70756.52,paid
EMP0028,Engineering,10,2025,27,24,1,1,1,66000,7920.0,6600.0,2500,83020.0,8870.4,200,4612.22,13682.62,69337.38,paid
EMP0028,Engineering,11,2025,25,22,1,1,1,66000,7920.0,6600.0,2500,83020.0,8870.4,200,4981.2,14051.6,68968.4,paid
EMP0028,Engineering,12,2025,27,24,1,2,0,66000,7920.0,6600.0,2500,83020.0,8870.4,200,6149.63,15220.03,67799.97,paid
EMP0028,Engineering,1,2026,27,25,1,1,0,66000,7920.0,6600.0,2500,83020.0,8870.4,200,4612.22,13682.62,69337.38,paid
EMP0028,Engineering,2,2026,24,22,0,1,1,66000,7920.0,6600.0,2500,83020.0,8870.4,200,1729.58,10799.98,72220.02,paid
EMP0028,Engineering,3,2026,26,24,0,2,0,66000,7920.0,6600.0,2500,83020.0,8870.4,200,3193.08,12263.48,70756.52,paid
EMP0028,Engineering,4,2026,26,26,0,0,0,70500,8460.0,7050.0,2500,88510.0,9475.2,200,0.0,9675.2,78834.8,paid
EMP0028,Engineering,5,2026,26,25,0,1,0,72000,8640.0,7200.0,2500,90340.0,9676.8,200,1737.31,11614.11,78725.89,paid
EMP0028,Engineering,6,2026,26,25,0,1,0,73000,8760.0,7300.0,2500,91560.0,9811.2,200,1760.77,11771.97,79788.03,paid
EMP0028,Engineering,7,2026,27,25,1,1,0,71000,8520.0,7100.0,2500,89120.0,9542.4,200,4951.11,14693.51,74426.49,generated
EMP0029,Marketing,8,2025,26,25,0,1,0,30500,3660.0,3050.0,0,37210.0,4099.2,200,715.58,5014.78,32195.22,paid
EMP0029,Marketing,9,2025,26,23,1,1,1,30500,3660.0,3050.0,0,37210.0,4099.2,200,2146.73,6445.93,30764.07,paid
EMP0029,Marketing,10,2025,27,26,1,0,0,30500,3660.0,3050.0,0,37210.0,4099.2,200,1378.15,5677.35,31532.65,paid
EMP0029,Marketing,11,2025,25,22,0,3,0,30500,3660.0,3050.0,0,37210.0,4099.2,200,2232.6,6531.8,30678.2,paid
EMP0029,Marketing,12,2025,27,25,1,0,1,30500,3660.0,3050.0,0,37210.0,4099.2,200,1378.15,5677.35,31532.65,paid
EMP0029,Marketing,1,2026,27,24,0,1,2,30500,3660.0,3050.0,0,37210.0,4099.2,200,689.07,4988.27,32221.73,paid
EMP0029,Marketing,2,2026,24,21,2,0,1,30500,3660.0,3050.0,0,37210.0,4099.2,200,3100.83,7400.03,29809.97,paid
EMP0029,Marketing,3,2026,26,26,0,0,0,30500,3660.0,3050.0,0,37210.0,4099.2,200,0.0,4299.2,32910.8,paid
EMP0029,Marketing,4,2026,26,25,1,0,0,33000,3960.0,3300.0,0,40260.0,4435.2,200,1548.46,6183.66,34076.34,paid
EMP0029,Marketing,5,2026,26,24,0,1,1,34500,4140.0,3450.0,0,42090.0,4636.8,200,809.42,5646.22,36443.78,paid
EMP0029,Marketing,6,2026,26,25,1,0,0,33000,3960.0,3300.0,0,40260.0,4435.2,200,1548.46,6183.66,34076.34,paid
EMP0029,Marketing,7,2026,27,26,1,0,0,33500,4020.0,3350.0,0,40870.0,4502.4,200,1513.7,6216.1,34653.9,generated
EMP0030,Marketing,8,2025,26,26,0,0,0,45500,5460.0,4550.0,1500,57010.0,6115.2,200,0.0,6315.2,50694.8,paid
EMP0030,Marketing,9,2025,26,25,0,1,0,45500,5460.0,4550.0,1500,57010.0,6115.2,200,1096.35,7411.55,49598.45,paid
EMP0030,Marketing,10,2025,27,25,1,1,0,45500,5460.0,4550.0,1500,57010.0,6115.2,200,3167.22,9482.42,47527.58,paid
EMP0030,Marketing,11,2025,25,21,0,1,3,45500,5460.0,4550.0,1500,57010.0,6115.2,200,1140.2,7455.4,49554.6,paid
EMP0030,Marketing,12,2025,27,26,0,0,1,45500,5460.0,4550.0,1500,57010.0,6115.2,200,0.0,6315.2,50694.8,paid
EMP0030,Marketing,1,2026,27,25,2,0,0,45500,5460.0,4550.0,1500,57010.0,6115.2,200,4222.96,10538.16,46471.84,paid
EMP0030,Marketing,2,2026,24,23,0,0,1,45500,5460.0,4550.0,1500,57010.0,6115.2,200,0.0,6315.2,50694.8,paid
EMP0030,Marketing,3,2026,26,24,1,1,0,45500,5460.0,4550.0,1500,57010.0,6115.2,200,3289.04,9604.24,47405.76,paid
EMP0030,Marketing,4,2026,26,23,1,0,2,45500,5460.0,4550.0,1500,57010.0,6115.2,200,2192.69,8507.89,48502.11,paid
EMP0030,Marketing,5,2026,26,24,2,0,0,45500,5460.0,4550.0,1500,57010.0,6115.2,200,4385.38,10700.58,46309.42,paid
EMP0030,Marketing,6,2026,26,24,1,1,0,45500,5460.0,4550.0,1500,57010.0,6115.2,200,3289.04,9604.24,47405.76,paid
EMP0030,Marketing,7,2026,27,27,0,0,0,45500,5460.0,4550.0,1500,57010.0,6115.2,200,0.0,6315.2,50694.8,generated
EMP0031,Engineering,8,2025,26,20,1,2,3,82500,9900.0,8250.0,2500,103150.0,11088.0,200,7934.62,19222.62,83927.38,paid
EMP0031,Engineering,9,2025,26,21,2,2,1,82500,9900.0,8250.0,2500,103150.0,11088.0,200,11901.92,23189.92,79960.08,paid
EMP0031,Engineering,10,2025,27,24,1,2,0,82500,9900.0,8250.0,2500,103150.0,11088.0,200,7640.74,18928.74,84221.26,paid
EMP0031,Engineering,11,2025,25,22,1,2,0,82500,9900.0,8250.0,2500,103150.0,11088.0,200,8252.0,19540.0,83610.0,paid
EMP0031,Engineering,12,2025,27,26,1,0,0,82500,9900.0,8250.0,2500,103150.0,11088.0,200,3820.37,15108.37,88041.63,paid
EMP0031,Engineering,1,2026,27,25,0,2,0,82500,9900.0,8250.0,2500,103150.0,11088.0,200,3820.37,15108.37,88041.63,paid
EMP0031,Engineering,2,2026,24,20,3,1,0,82500,9900.0,8250.0,2500,103150.0,11088.0,200,15042.71,26330.71,76819.29,paid
EMP0031,Engineering,3,2026,26,25,1,0,0,82500,9900.0,8250.0,2500,103150.0,11088.0,200,3967.31,15255.31,87894.69,paid
EMP0031,Engineering,4,2026,26,24,0,2,0,93000,11160.0,9300.0,2500,115960.0,12499.2,200,4460.0,17159.2,98800.8,paid
EMP0031,Engineering,5,2026,26,25,1,0,0,89000,10680.0,8900.0,2500,111080.0,11961.6,200,4272.31,16433.91,94646.09,paid
EMP0031,Engineering,6,2026,26,22,3,0,1,93500,11220.0,9350.0,2500,116570.0,12566.4,200,13450.38,26216.78,90353.22,paid
EMP0031,Engineering,7,2026,27,27,0,0,0,94000,11280.0,9400.0,2500,117180.0,12633.6,200,0.0,12833.6,104346.4,generated
EMP0032,Sales,8,2025,26,24,1,1,0,30000,3600.0,3000.0,0,36600.0,4032.0,200,2111.54,6343.54,30256.46,paid
EMP0032,Sales,9,2025,26,23,2,0,1,30000,3600.0,3000.0,0,36600.0,4032.0,200,2815.38,7047.38,29552.62,paid
EMP0032,Sales,10,2025,27,24,1,2,0,30000,3600.0,3000.0,0,36600.0,4032.0,200,2711.11,6943.11,29656.89,paid
EMP0032,Sales,11,2025,25,23,0,2,0,30000,3600.0,3000.0,0,36600.0,4032.0,200,1464.0,5696.0,30904.0,paid
EMP0032,Sales,12,2025,27,22,4,0,1,30000,3600.0,3000.0,0,36600.0,4032.0,200,5422.22,9654.22,26945.78,paid
EMP0032,Sales,1,2026,27,24,1,0,2,30000,3600.0,3000.0,0,36600.0,4032.0,200,1355.56,5587.56,31012.44,paid
EMP0032,Sales,2,2026,24,23,0,1,0,30000,3600.0,3000.0,0,36600.0,4032.0,200,762.5,4994.5,31605.5,paid
EMP0032,Sales,3,2026,26,24,0,0,2,30000,3600.0,3000.0,0,36600.0,4032.0,200,0.0,4232.0,32368.0,paid
EMP0032,Sales,4,2026,26,25,0,1,0,32500,3900.0,3250.0,0,39650.0,4368.0,200,762.5,5330.5,34319.5,paid
EMP0032,Sales,5,2026,26,23,3,0,0,33000,3960.0,3300.0,0,40260.0,4435.2,200,4645.38,9280.58,30979.42,paid
EMP0032,Sales,6,2026,26,25,1,0,0,32000,3840.0,3200.0,0,39040.0,4300.8,200,1501.54,6002.34,33037.66,paid
EMP0032,Sales,7,2026,27,25,2,0,0,34000,4080.0,3400.0,0,41480.0,4569.6,200,3072.59,7842.19,33637.81,generated
EMP0033,Sales,8,2025,26,22,2,1,1,47500,5700.0,4750.0,1500,59450.0,6384.0,200,5716.35,12300.35,47149.65,paid
EMP0033,Sales,9,2025,26,25,1,0,0,47500,5700.0,4750.0,1500,59450.0,6384.0,200,2286.54,8870.54,50579.46,paid
EMP0033,Sales,10,2025,27,23,3,1,0,47500,5700.0,4750.0,1500,59450.0,6384.0,200,7706.48,14290.48,45159.52,paid
EMP0033,Sales,11,2025,25,22,0,3,0,47500,5700.0,4750.0,1500,59450.0,6384.0,200,3567.0,10151.0,49299.0,paid
EMP0033,Sales,12,2025,27,22,2,2,1,47500,5700.0,4750.0,1500,59450.0,6384.0,200,6605.56,13189.56,46260.44,paid
EMP0033,Sales,1,2026,27,26,0,1,0,47500,5700.0,4750.0,1500,59450.0,6384.0,200,1100.93,7684.93,51765.07,paid
EMP0033,Sales,2,2026,24,22,1,0,1,47500,5700.0,4750.0,1500,59450.0,6384.0,200,2477.08,9061.08,50388.92,paid
EMP0033,Sales,3,2026,26,23,0,1,2,47500,5700.0,4750.0,1500,59450.0,6384.0,200,1143.27,7727.27,51722.73,paid
EMP0033,Sales,4,2026,26,26,0,0,0,47500,5700.0,4750.0,1500,59450.0,6384.0,200,0.0,6584.0,52866.0,paid
EMP0033,Sales,5,2026,26,24,0,2,0,47500,5700.0,4750.0,1500,59450.0,6384.0,200,2286.54,8870.54,50579.46,paid
EMP0033,Sales,6,2026,26,23,1,0,2,47500,5700.0,4750.0,1500,59450.0,6384.0,200,2286.54,8870.54,50579.46,paid
EMP0033,Sales,7,2026,27,26,0,1,0,47500,5700.0,4750.0,1500,59450.0,6384.0,200,1100.93,7684.93,51765.07,generated
EMP0034,Engineering,8,2025,26,25,1,0,0,76000,9120.0,7600.0,1500,94220.0,10214.4,200,3623.85,14038.25,80181.75,paid
EMP0034,Engineering,9,2025,26,23,0,1,2,76000,9120.0,7600.0,1500,94220.0,10214.4,200,1811.92,12226.32,81993.68,paid
EMP0034,Engineering,10,2025,27,26,0,1,0,76000,9120.0,7600.0,1500,94220.0,10214.4,200,1744.81,12159.21,82060.79,paid
EMP0034,Engineering,11,2025,25,24,0,1,0,76000,9120.0,7600.0,1500,94220.0,10214.4,200,1884.4,12298.8,81921.2,paid
EMP0034,Engineering,12,2025,27,27,0,0,0,76000,9120.0,7600.0,1500,94220.0,10214.4,200,0.0,10414.4,83805.6,paid
EMP0034,Engineering,1,2026,27,26,0,0,1,76000,9120.0,7600.0,1500,94220.0,10214.4,200,0.0,10414.4,83805.6,paid
EMP0034,Engineering,2,2026,24,23,0,0,1,76000,9120.0,7600.0,1500,94220.0,10214.4,200,0.0,10414.4,83805.6,paid
EMP0034,Engineering,3,2026,26,25,0,1,0,76000,9120.0,7600.0,1500,94220.0,10214.4,200,1811.92,12226.32,81993.68,paid
EMP0034,Engineering,4,2026,26,24,1,1,0,81500,9780.0,8150.0,1500,100930.0,10953.6,200,5822.88,16976.48,83953.52,paid
EMP0034,Engineering,5,2026,26,26,0,0,0,83000,9960.0,8300.0,1500,102760.0,11155.2,200,0.0,11355.2,91404.8,paid
EMP0034,Engineering,6,2026,26,26,0,0,0,84500,10140.0,8450.0,1500,104590.0,11356.8,200,0.0,11556.8,93033.2,paid
EMP0034,Engineering,7,2026,27,27,0,0,0,84500,10140.0,8450.0,1500,104590.0,11356.8,200,0.0,11556.8,93033.2,generated
EMP0035,HR,8,2025,26,25,0,0,1,40000,4800.0,4000.0,2000,50800.0,5376.0,200,0.0,5576.0,45224.0,paid
EMP0035,HR,9,2025,26,25,1,0,0,40000,4800.0,4000.0,2000,50800.0,5376.0,200,1953.85,7529.85,43270.15,paid
EMP0035,HR,10,2025,27,26,0,0,1,40000,4800.0,4000.0,2000,50800.0,5376.0,200,0.0,5576.0,45224.0,paid
EMP0035,HR,11,2025,25,23,0,1,1,40000,4800.0,4000.0,2000,50800.0,5376.0,200,1016.0,6592.0,44208.0,paid
EMP0035,HR,12,2025,27,27,0,0,0,40000,4800.0,4000.0,2000,50800.0,5376.0,200,0.0,5576.0,45224.0,paid
EMP0035,HR,1,2026,27,24,0,2,1,40000,4800.0,4000.0,2000,50800.0,5376.0,200,1881.48,7457.48,43342.52,paid
EMP0035,HR,2,2026,24,23,1,0,0,40000,4800.0,4000.0,2000,50800.0,5376.0,200,2116.67,7692.67,43107.33,paid
EMP0035,HR,3,2026,26,24,2,0,0,40000,4800.0,4000.0,2000,50800.0,5376.0,200,3907.69,9483.69,41316.31,paid
EMP0035,HR,4,2026,26,25,0,0,1,44500,5340.0,4450.0,2000,56290.0,5980.8,200,0.0,6180.8,50109.2,paid
EMP0035,HR,5,2026,26,25,0,0,1,42500,5100.0,4250.0,2000,53850.0,5712.0,200,0.0,5912.0,47938.0,paid
EMP0035,HR,6,2026,26,23,0,0,3,44500,5340.0,4450.0,2000,56290.0,5980.8,200,0.0,6180.8,50109.2,paid
EMP0035,HR,7,2026,27,27,0,0,0,45000,5400.0,4500.0,2000,56900.0,6048.0,200,0.0,6248.0,50652.0,generated
EMP0036,Sales,8,2025,26,23,2,1,0,38500,4620.0,3850.0,0,46970.0,5174.4,200,4516.35,9890.75,37079.25,paid
EMP0036,Sales,9,2025,26,22,0,3,1,38500,4620.0,3850.0,0,46970.0,5174.4,200,2709.81,8084.21,38885.79,paid
EMP0036,Sales,10,2025,27,25,0,2,0,38500,4620.0,3850.0,0,46970.0,5174.4,200,1739.63,7114.03,39855.97,paid
EMP0036,Sales,11,2025,25,25,0,0,0,38500,4620.0,3850.0,0,46970.0,5174.4,200,0.0,5374.4,41595.6,paid
EMP0036,Sales,12,2025,27,25,0,1,1,38500,4620.0,3850.0,0,46970.0,5174.4,200,869.81,6244.21,40725.79,paid
EMP0036,Sales,1,2026,27,22,3,0,2,38500,4620.0,3850.0,0,46970.0,5174.4,200,5218.89,10593.29,36376.71,paid
EMP0036,Sales,2,2026,24,21,0,2,1,38500,4620.0,3850.0,0,46970.0,5174.4,200,1957.08,7331.48,39638.52,paid
EMP0036,Sales,3,2026,26,22,2,2,0,38500,4620.0,3850.0,0,46970.0,5174.4,200,5419.62,10794.02,36175.98,paid
EMP0036,Sales,4,2026,26,22,1,0,3,38500,4620.0,3850.0,0,46970.0,5174.4,200,1806.54,7180.94,39789.06,paid
EMP0036,Sales,5,2026,26,25,0,1,0,38500,4620.0,3850.0,0,46970.0,5174.4,200,903.27,6277.67,40692.33,paid
EMP0036,Sales,6,2026,26,25,0,0,1,38500,4620.0,3850.0,0,46970.0,5174.4,200,0.0,5374.4,41595.6,paid
EMP0036,Sales,7,2026,27,27,0,0,0,38500,4620.0,3850.0,0,46970.0,5174.4,200,0.0,5374.4,41595.6,generated
EMP0037,Operations,8,2025,26,25,1,0,0,49000,5880.0,4900.0,0,59780.0,6585.6,200,2299.23,9084.83,50695.17,paid
EMP0037,Operations,9,2025,26,26,0,0,0,49000,5880.0,4900.0,0,59780.0,6585.6,200,0.0,6785.6,52994.4,paid
EMP0037,Operations,10,2025,27,26,1,0,0,49000,5880.0,4900.0,0,59780.0,6585.6,200,2214.07,8999.67,50780.33,paid
EMP0037,Operations,11,2025,25,25,0,0,0,49000,5880.0,4900.0,0,59780.0,6585.6,200,0.0,6785.6,52994.4,paid
EMP0037,Operations,12,2025,27,24,0,0,3,49000,5880.0,4900.0,0,59780.0,6585.6,200,0.0,6785.6,52994.4,paid
EMP0037,Operations,1,2026,27,27,0,0,0,49000,5880.0,4900.0,0,59780.0,6585.6,200,0.0,6785.6,52994.4,paid
EMP0037,Operations,2,2026,24,19,3,1,1,49000,5880.0,4900.0,0,59780.0,6585.6,200,8717.92,15503.52,44276.48,paid
EMP0037,Operations,3,2026,26,26,0,0,0,49000,5880.0,4900.0,0,59780.0,6585.6,200,0.0,6785.6,52994.4,paid
EMP0037,Operations,4,2026,26,25,0,0,1,54000,6480.0,5400.0,0,65880.0,7257.6,200,0.0,7457.6,58422.4,paid
EMP0037,Operations,5,2026,26,24,1,0,1,55000,6600.0,5500.0,0,67100.0,7392.0,200,2580.77,10172.77,56927.23,paid
EMP0037,Operations,6,2026,26,21,2,2,1,52000,6240.0,5200.0,0,63440.0,6988.8,200,7320.0,14508.8,48931.2,paid
EMP0037,Operations,7,2026,27,26,0,1,0,52500,6300.0,5250.0,0,64050.0,7056.0,200,1186.11,8442.11,55607.89,generated
EMP0038,Engineering,8,2025,26,26,0,0,0,49500,5940.0,4950.0,1000,61390.0,6652.8,200,0.0,6852.8,54537.2,paid
EMP0038,Engineering,9,2025,26,26,0,0,0,49500,5940.0,4950.0,1000,61390.0,6652.8,200,0.0,6852.8,54537.2,paid
EMP0038,Engineering,10,2025,27,27,0,0,0,49500,5940.0,4950.0,1000,61390.0,6652.8,200,0.0,6852.8,54537.2,paid
EMP0038,Engineering,11,2025,25,23,0,0,2,49500,5940.0,4950.0,1000,61390.0,6652.8,200,0.0,6852.8,54537.2,paid
EMP0038,Engineering,12,2025,27,25,0,1,1,49500,5940.0,4950.0,1000,61390.0,6652.8,200,1136.85,7989.65,53400.35,paid
EMP0038,Engineering,1,2026,27,27,0,0,0,49500,5940.0,4950.0,1000,61390.0,6652.8,200,0.0,6852.8,54537.2,paid
EMP0038,Engineering,2,2026,24,23,0,0,1,49500,5940.0,4950.0,1000,61390.0,6652.8,200,0.0,6852.8,54537.2,paid
EMP0038,Engineering,3,2026,26,25,1,0,0,49500,5940.0,4950.0,1000,61390.0,6652.8,200,2361.15,9213.95,52176.05,paid
EMP0038,Engineering,4,2026,26,26,0,0,0,53000,6360.0,5300.0,1000,65660.0,7123.2,200,0.0,7323.2,58336.8,paid
EMP0038,Engineering,5,2026,26,24,0,1,1,53500,6420.0,5350.0,1000,66270.0,7190.4,200,1274.42,8664.82,57605.18,paid
EMP0038,Engineering,6,2026,26,25,1,0,0,53500,6420.0,5350.0,1000,66270.0,7190.4,200,2548.85,9939.25,56330.75,paid
EMP0038,Engineering,7,2026,27,27,0,0,0,53000,6360.0,5300.0,1000,65660.0,7123.2,200,0.0,7323.2,58336.8,generated
EMP0039,Operations,8,2025,26,24,1,0,1,39500,4740.0,3950.0,0,48190.0,5308.8,200,1853.46,7362.26,40827.74,paid
EMP0039,Operations,9,2025,26,23,2,0,1,39500,4740.0,3950.0,0,48190.0,5308.8,200,3706.92,9215.72,38974.28,paid
EMP0039,Operations,10,2025,27,25,0,2,0,39500,4740.0,3950.0,0,48190.0,5308.8,200,1784.81,7293.61,40896.39,paid
EMP0039,Operations,11,2025,25,24,0,1,0,39500,4740.0,3950.0,0,48190.0,5308.8,200,963.8,6472.6,41717.4,paid
EMP0039,Operations,12,2025,27,27,0,0,0,39500,4740.0,3950.0,0,48190.0,5308.8,200,0.0,5508.8,42681.2,paid
EMP0039,Operations,1,2026,27,26,0,0,1,39500,4740.0,3950.0,0,48190.0,5308.8,200,0.0,5508.8,42681.2,paid
EMP0039,Operations,2,2026,24,23,1,0,0,39500,4740.0,3950.0,0,48190.0,5308.8,200,2007.92,7516.72,40673.28,paid
EMP0039,Operations,3,2026,26,24,1,0,1,39500,4740.0,3950.0,0,48190.0,5308.8,200,1853.46,7362.26,40827.74,paid
EMP0039,Operations,4,2026,26,23,2,1,0,43000,5160.0,4300.0,0,52460.0,5779.2,200,5044.23,11023.43,41436.57,paid
EMP0039,Operations,5,2026,26,26,0,0,0,44000,5280.0,4400.0,0,53680.0,5913.6,200,0.0,6113.6,47566.4,paid
EMP0039,Operations,6,2026,26,24,1,1,0,43500,5220.0,4350.0,0,53070.0,5846.4,200,3061.73,9108.13,43961.87,paid
EMP0039,Operations,7,2026,27,25,1,1,0,44500,5340.0,4450.0,0,54290.0,5980.8,200,3016.11,9196.91,45093.09,generated
EMP0040,Engineering,8,2025,26,25,1,0,0,54500,6540.0,5450.0,1000,67490.0,7324.8,200,2595.77,10120.57,57369.43,paid
EMP0040,Engineering,9,2025,26,26,0,0,0,54500,6540.0,5450.0,1000,67490.0,7324.8,200,0.0,7524.8,59965.2,paid
EMP0040,Engineering,10,2025,27,26,0,0,1,54500,6540.0,5450.0,1000,67490.0,7324.8,200,0.0,7524.8,59965.2,paid
EMP0040,Engineering,11,2025,25,25,0,0,0,54500,6540.0,5450.0,1000,67490.0,7324.8,200,0.0,7524.8,59965.2,paid
EMP0040,Engineering,12,2025,27,26,1,0,0,54500,6540.0,5450.0,1000,67490.0,7324.8,200,2499.63,10024.43,57465.57,paid
EMP0040,Engineering,1,2026,27,27,0,0,0,54500,6540.0,5450.0,1000,67490.0,7324.8,200,0.0,7524.8,59965.2,paid
EMP0040,Engineering,2,2026,24,23,0,1,0,54500,6540.0,5450.0,1000,67490.0,7324.8,200,1406.04,8930.84,58559.16,paid
EMP0040,Engineering,3,2026,26,26,0,0,0,54500,6540.0,5450.0,1000,67490.0,7324.8,200,0.0,7524.8,59965.2,paid
EMP0040,Engineering,4,2026,26,25,0,1,0,59500,7140.0,5950.0,1000,73590.0,7996.8,200,1415.19,9611.99,63978.01,paid
EMP0040,Engineering,5,2026,26,25,0,1,0,59500,7140.0,5950.0,1000,73590.0,7996.8,200,1415.19,9611.99,63978.01,paid
EMP0040,Engineering,6,2026,26,22,2,0,2,58000,6960.0,5800.0,1000,71760.0,7795.2,200,5520.0,13515.2,58244.8,paid
EMP0040,Engineering,7,2026,27,26,0,1,0,61000,7320.0,6100.0,1000,75420.0,8198.4,200,1396.67,9795.07,65624.93,generated
EMP0041,Marketing,8,2025,26,24,0,1,1,35000,4200.0,3500.0,2000,44700.0,4704.0,200,859.62,5763.62,38936.38,paid
EMP0041,Marketing,9,2025,26,23,0,2,1,35000,4200.0,3500.0,2000,44700.0,4704.0,200,1719.23,6623.23,38076.77,paid
EMP0041,Marketing,10,2025,27,24,1,0,2,35000,4200.0,3500.0,2000,44700.0,4704.0,200,1655.56,6559.56,38140.44,paid
EMP0041,Marketing,11,2025,25,24,1,0,0,35000,4200.0,3500.0,2000,44700.0,4704.0,200,1788.0,6692.0,38008.0,paid
EMP0041,Marketing,12,2025,27,25,0,1,1,35000,4200.0,3500.0,2000,44700.0,4704.0,200,827.78,5731.78,38968.22,paid
EMP0041,Marketing,1,2026,27,24,0,2,1,35000,4200.0,3500.0,2000,44700.0,4704.0,200,1655.56,6559.56,38140.44,paid
EMP0041,Marketing,2,2026,24,22,0,1,1,35000,4200.0,3500.0,2000,44700.0,4704.0,200,931.25,5835.25,38864.75,paid
EMP0041,Marketing,3,2026,26,26,0,0,0,35000,4200.0,3500.0,2000,44700.0,4704.0,200,0.0,4904.0,39796.0,paid
EMP0041,Marketing,4,2026,26,22,2,0,2,39000,4680.0,3900.0,2000,49580.0,5241.6,200,3813.85,9255.45,40324.55,paid
EMP0041,Marketing,5,2026,26,22,3,1,0,37500,4500.0,3750.0,2000,47750.0,5040.0,200,6427.88,11667.88,36082.12,paid
EMP0041,Marketing,6,2026,26,24,1,1,0,37500,4500.0,3750.0,2000,47750.0,5040.0,200,2754.81,7994.81,39755.19,paid
EMP0041,Marketing,7,2026,27,24,0,2,1,37500,4500.0,3750.0,2000,47750.0,5040.0,200,1768.52,7008.52,40741.48,generated
EMP0042,Support,8,2025,26,24,2,0,0,45000,5400.0,4500.0,0,54900.0,6048.0,200,4223.08,10471.08,44428.92,paid
EMP0042,Support,9,2025,26,24,1,1,0,45000,5400.0,4500.0,0,54900.0,6048.0,200,3167.31,9415.31,45484.69,paid
EMP0042,Support,10,2025,27,24,1,1,1,45000,5400.0,4500.0,0,54900.0,6048.0,200,3050.0,9298.0,45602.0,paid
EMP0042,Support,11,2025,25,24,1,0,0,45000,5400.0,4500.0,0,54900.0,6048.0,200,2196.0,8444.0,46456.0,paid
EMP0042,Support,12,2025,27,27,0,0,0,45000,5400.0,4500.0,0,54900.0,6048.0,200,0.0,6248.0,48652.0,paid
EMP0042,Support,1,2026,27,24,2,1,0,45000,5400.0,4500.0,0,54900.0,6048.0,200,5083.33,11331.33,43568.67,paid
EMP0042,Support,2,2026,24,22,2,0,0,45000,5400.0,4500.0,0,54900.0,6048.0,200,4575.0,10823.0,44077.0,paid
EMP0042,Support,3,2026,26,23,2,1,0,45000,5400.0,4500.0,0,54900.0,6048.0,200,5278.85,11526.85,43373.15,paid
EMP0042,Support,4,2026,26,22,0,2,2,49000,5880.0,4900.0,0,59780.0,6585.6,200,2299.23,9084.83,50695.17,paid
EMP0042,Support,5,2026,26,23,3,0,0,48000,5760.0,4800.0,0,58560.0,6451.2,200,6756.92,13408.12,45151.88,paid
EMP0042,Support,6,2026,26,23,1,1,1,50500,6060.0,5050.0,0,61610.0,6787.2,200,3554.42,10541.62,51068.38,paid
EMP0042,Support,7,2026,27,27,0,0,0,49000,5880.0,4900.0,0,59780.0,6585.6,200,0.0,6785.6,52994.4,generated
EMP0043,Marketing,8,2025,26,26,0,0,0,44000,5280.0,4400.0,0,53680.0,5913.6,200,0.0,6113.6,47566.4,paid
EMP0043,Marketing,9,2025,26,22,0,2,2,44000,5280.0,4400.0,0,53680.0,5913.6,200,2064.62,8178.22,45501.78,paid
EMP0043,Marketing,10,2025,27,26,0,0,1,44000,5280.0,4400.0,0,53680.0,5913.6,200,0.0,6113.6,47566.4,paid
EMP0043,Marketing,11,2025,25,24,0,0,1,44000,5280.0,4400.0,0,53680.0,5913.6,200,0.0,6113.6,47566.4,paid
EMP0043,Marketing,12,2025,27,25,0,1,1,44000,5280.0,4400.0,0,53680.0,5913.6,200,994.07,7107.67,46572.33,paid
EMP0043,Marketing,1,2026,27,24,1,0,2,44000,5280.0,4400.0,0,53680.0,5913.6,200,1988.15,8101.75,45578.25,paid
EMP0043,Marketing,2,2026,24,22,0,2,0,44000,5280.0,4400.0,0,53680.0,5913.6,200,2236.67,8350.27,45329.73,paid
EMP0043,Marketing,3,2026,26,23,2,1,0,44000,5280.0,4400.0,0,53680.0,5913.6,200,5161.54,11275.14,42404.86,paid
EMP0043,Marketing,4,2026,26,25,1,0,0,50000,6000.0,5000.0,0,61000.0,6720.0,200,2346.15,9266.15,51733.85,paid
EMP0043,Marketing,5,2026,26,24,1,0,1,47500,5700.0,4750.0,0,57950.0,6384.0,200,2228.85,8812.85,49137.15,paid
EMP0043,Marketing,6,2026,26,23,1,2,0,48000,5760.0,4800.0,0,58560.0,6451.2,200,4504.62,11155.82,47404.18,paid
EMP0043,Marketing,7,2026,27,26,0,0,1,50000,6000.0,5000.0,0,61000.0,6720.0,200,0.0,6920.0,54080.0,generated
EMP0044,Engineering,8,2025,26,25,0,1,0,62000,7440.0,6200.0,0,75640.0,8332.8,200,1454.62,9987.42,65652.58,paid
EMP0044,Engineering,9,2025,26,26,0,0,0,62000,7440.0,6200.0,0,75640.0,8332.8,200,0.0,8532.8,67107.2,paid
EMP0044,Engineering,10,2025,27,25,1,0,1,62000,7440.0,6200.0,0,75640.0,8332.8,200,2801.48,11334.28,64305.72,paid
EMP0044,Engineering,11,2025,25,22,1,1,1,62000,7440.0,6200.0,0,75640.0,8332.8,200,4538.4,13071.2,62568.8,paid
EMP0044,Engineering,12,2025,27,26,0,0,1,62000,7440.0,6200.0,0,75640.0,8332.8,200,0.0,8532.8,67107.2,paid
EMP0044,Engineering,1,2026,27,27,0,0,0,62000,7440.0,6200.0,0,75640.0,8332.8,200,0.0,8532.8,67107.2,paid
EMP0044,Engineering,2,2026,24,24,0,0,0,62000,7440.0,6200.0,0,75640.0,8332.8,200,0.0,8532.8,67107.2,paid
EMP0044,Engineering,3,2026,26,25,0,1,0,62000,7440.0,6200.0,0,75640.0,8332.8,200,1454.62,9987.42,65652.58,paid
EMP0044,Engineering,4,2026,26,25,0,1,0,66500,7980.0,6650.0,0,81130.0,8937.6,200,1560.19,10697.79,70432.21,paid
EMP0044,Engineering,5,2026,26,25,0,1,0,70000,8400.0,7000.0,0,85400.0,9408.0,200,1642.31,11250.31,74149.69,paid
EMP0044,Engineering,6,2026,26,24,1,0,1,66500,7980.0,6650.0,0,81130.0,8937.6,200,3120.38,12257.98,68872.02,paid
EMP0044,Engineering,7,2026,27,27,0,0,0,68000,8160.0,6800.0,0,82960.0,9139.2,200,0.0,9339.2,73620.8,generated
EMP0045,Sales,12,2025,27,25,0,0,2,50000,6000.0,5000.0,0,61000.0,6720.0,200,0.0,6920.0,54080.0,paid
EMP0045,Sales,1,2026,27,27,0,0,0,50000,6000.0,5000.0,0,61000.0,6720.0,200,0.0,6920.0,54080.0,paid
EMP0045,Sales,2,2026,24,22,1,1,0,50000,6000.0,5000.0,0,61000.0,6720.0,200,3812.5,10732.5,50267.5,paid
EMP0045,Sales,3,2026,26,25,1,0,0,50000,6000.0,5000.0,0,61000.0,6720.0,200,2346.15,9266.15,51733.85,paid
EMP0045,Sales,4,2026,26,25,0,0,1,50000,6000.0,5000.0,0,61000.0,6720.0,200,0.0,6920.0,54080.0,paid
EMP0045,Sales,5,2026,26,26,0,0,0,50000,6000.0,5000.0,0,61000.0,6720.0,200,0.0,6920.0,54080.0,paid
EMP0045,Sales,6,2026,26,24,0,0,2,50000,6000.0,5000.0,0,61000.0,6720.0,200,0.0,6920.0,54080.0,paid
EMP0045,Sales,7,2026,27,25,2,0,0,50000,6000.0,5000.0,0,61000.0,6720.0,200,4518.52,11438.52,49561.48,generated
EMP0046,Marketing,8,2025,26,21,3,1,1,53500,6420.0,5350.0,0,65270.0,7190.4,200,8786.35,16176.75,49093.25,paid
EMP0046,Marketing,9,2025,26,25,1,0,0,53500,6420.0,5350.0,0,65270.0,7190.4,200,2510.38,9900.78,55369.22,paid
EMP0046,Marketing,10,2025,27,26,0,0,1,53500,6420.0,5350.0,0,65270.0,7190.4,200,0.0,7390.4,57879.6,paid
EMP0046,Marketing,11,2025,25,23,1,0,1,53500,6420.0,5350.0,0,65270.0,7190.4,200,2610.8,10001.2,55268.8,paid
EMP0046,Marketing,12,2025,27,22,2,1,2,53500,6420.0,5350.0,0,65270.0,7190.4,200,6043.52,13433.92,51836.08,paid
EMP0046,Marketing,1,2026,27,26,0,1,0,53500,6420.0,5350.0,0,65270.0,7190.4,200,1208.7,8599.1,56670.9,paid
EMP0046,Marketing,2,2026,24,23,0,0,1,53500,6420.0,5350.0,0,65270.0,7190.4,200,0.0,7390.4,57879.6,paid
EMP0046,Marketing,3,2026,26,24,1,1,0,53500,6420.0,5350.0,0,65270.0,7190.4,200,3765.58,11155.98,54114.02,paid
EMP0046,Marketing,4,2026,26,26,0,0,0,53500,6420.0,5350.0,0,65270.0,7190.4,200,0.0,7390.4,57879.6,paid
EMP0046,Marketing,5,2026,26,23,2,1,0,53500,6420.0,5350.0,0,65270.0,7190.4,200,6275.96,13666.36,51603.64,paid
EMP0046,Marketing,6,2026,26,25,0,0,1,53500,6420.0,5350.0,0,65270.0,7190.4,200,0.0,7390.4,57879.6,paid
EMP0046,Marketing,7,2026,27,26,0,1,0,53500,6420.0,5350.0,0,65270.0,7190.4,200,1208.7,8599.1,56670.9,generated
EMP0047,Finance,8,2025,26,23,0,1,2,42000,5040.0,4200.0,0,51240.0,5644.8,200,985.38,6830.18,44409.82,paid
EMP0047,Finance,9,2025,26,26,0,0,0,42000,5040.0,4200.0,0,51240.0,5644.8,200,0.0,5844.8,45395.2,paid
EMP0047,Finance,10,2025,27,27,0,0,0,42000,5040.0,4200.0,0,51240.0,5644.8,200,0.0,5844.8,45395.2,paid
EMP0047,Finance,11,2025,25,22,1,0,2,42000,5040.0,4200.0,0,51240.0,5644.8,200,2049.6,7894.4,43345.6,paid
EMP0047,Finance,12,2025,27,27,0,0,0,42000,5040.0,4200.0,0,51240.0,5644.8,200,0.0,5844.8,45395.2,paid
EMP0047,Finance,1,2026,27,26,0,1,0,42000,5040.0,4200.0,0,51240.0,5644.8,200,948.89,6793.69,44446.31,paid
EMP0047,Finance,2,2026,24,22,0,2,0,42000,5040.0,4200.0,0,51240.0,5644.8,200,2135.0,7979.8,43260.2,paid
EMP0047,Finance,3,2026,26,24,0,0,2,42000,5040.0,4200.0,0,51240.0,5644.8,200,0.0,5844.8,45395.2,paid
EMP0047,Finance,4,2026,26,25,0,0,1,42000,5040.0,4200.0,0,51240.0,5644.8,200,0.0,5844.8,45395.2,paid
EMP0047,Finance,5,2026,26,25,1,0,0,42000,5040.0,4200.0,0,51240.0,5644.8,200,1970.77,7815.57,43424.43,paid
EMP0047,Finance,6,2026,26,23,3,0,0,42000,5040.0,4200.0,0,51240.0,5644.8,200,5912.31,11757.11,39482.89,paid
EMP0047,Finance,7,2026,27,26,0,0,1,42000,5040.0,4200.0,0,51240.0,5644.8,200,0.0,5844.8,45395.2,generated
EMP0048,Finance,8,2025,26,23,0,1,2,37500,4500.0,3750.0,1000,46750.0,5040.0,200,899.04,6139.04,40610.96,paid
EMP0048,Finance,9,2025,26,24,2,0,0,37500,4500.0,3750.0,1000,46750.0,5040.0,200,3596.15,8836.15,37913.85,paid
EMP0048,Finance,10,2025,27,25,0,1,1,37500,4500.0,3750.0,1000,46750.0,5040.0,200,865.74,6105.74,40644.26,paid
EMP0048,Finance,11,2025,25,22,1,1,1,37500,4500.0,3750.0,1000,46750.0,5040.0,200,2805.0,8045.0,38705.0,paid
EMP0048,Finance,12,2025,27,25,1,0,1,37500,4500.0,3750.0,1000,46750.0,5040.0,200,1731.48,6971.48,39778.52,paid
EMP0048,Finance,1,2026,27,26,0,1,0,37500,4500.0,3750.0,1000,46750.0,5040.0,200,865.74,6105.74,40644.26,paid
EMP0048,Finance,2,2026,24,24,0,0,0,37500,4500.0,3750.0,1000,46750.0,5040.0,200,0.0,5240.0,41510.0,paid
EMP0048,Finance,3,2026,26,23,1,1,1,37500,4500.0,3750.0,1000,46750.0,5040.0,200,2697.12,7937.12,38812.88,paid
EMP0048,Finance,4,2026,26,26,0,0,0,42500,5100.0,4250.0,1000,52850.0,5712.0,200,0.0,5912.0,46938.0,paid
EMP0048,Finance,5,2026,26,24,1,0,1,40000,4800.0,4000.0,1000,49800.0,5376.0,200,1915.38,7491.38,42308.62,paid
EMP0048,Finance,6,2026,26,23,1,1,1,40000,4800.0,4000.0,1000,49800.0,5376.0,200,2873.08,8449.08,41350.92,paid
EMP0048,Finance,7,2026,27,26,0,0,1,40500,4860.0,4050.0,1000,50410.0,5443.2,200,0.0,5643.2,44766.8,generated
EMP0049,Finance,8,2025,26,24,0,0,2,58500,7020.0,5850.0,1500,72870.0,7862.4,200,0.0,8062.4,64807.6,paid
EMP0049,Finance,9,2025,26,24,0,0,2,58500,7020.0,5850.0,1500,72870.0,7862.4,200,0.0,8062.4,64807.6,paid
EMP0049,Finance,10,2025,27,27,0,0,0,58500,7020.0,5850.0,1500,72870.0,7862.4,200,0.0,8062.4,64807.6,paid
EMP0049,Finance,11,2025,25,23,1,0,1,58500,7020.0,5850.0,1500,72870.0,7862.4,200,2914.8,10977.2,61892.8,paid
EMP0049,Finance,12,2025,27,26,0,1,0,58500,7020.0,5850.0,1500,72870.0,7862.4,200,1349.44,9411.84,63458.16,paid
EMP0049,Finance,1,2026,27,26,0,1,0,58500,7020.0,5850.0,1500,72870.0,7862.4,200,1349.44,9411.84,63458.16,paid
EMP0049,Finance,2,2026,24,24,0,0,0,58500,7020.0,5850.0,1500,72870.0,7862.4,200,0.0,8062.4,64807.6,paid
EMP0049,Finance,3,2026,26,24,2,0,0,58500,7020.0,5850.0,1500,72870.0,7862.4,200,5605.38,13667.78,59202.22,paid
EMP0049,Finance,4,2026,26,25,1,0,0,63000,7560.0,6300.0,1500,78360.0,8467.2,200,3013.85,11681.05,66678.95,paid
EMP0049,Finance,5,2026,26,24,0,0,2,64000,7680.0,6400.0,1500,79580.0,8601.6,200,0.0,8801.6,70778.4,paid
EMP0049,Finance,6,2026,26,25,1,0,0,65500,7860.0,6550.0,1500,81410.0,8803.2,200,3131.15,12134.35,69275.65,paid
EMP0049,Finance,7,2026,27,25,1,0,1,62000,7440.0,6200.0,1500,77140.0,8332.8,200,2857.04,11389.84,65750.16,generated
EMP0050,Engineering,8,2025,26,24,0,0,2,64500,7740.0,6450.0,1500,80190.0,8668.8,200,0.0,8868.8,71321.2,paid
EMP0050,Engineering,9,2025,26,24,0,1,1,64500,7740.0,6450.0,1500,80190.0,8668.8,200,1542.12,10410.92,69779.08,paid
EMP0050,Engineering,10,2025,27,26,0,0,1,64500,7740.0,6450.0,1500,80190.0,8668.8,200,0.0,8868.8,71321.2,paid
EMP0050,Engineering,11,2025,25,24,0,1,0,64500,7740.0,6450.0,1500,80190.0,8668.8,200,1603.8,10472.6,69717.4,paid
EMP0050,Engineering,12,2025,27,24,1,0,2,64500,7740.0,6450.0,1500,80190.0,8668.8,200,2970.0,11838.8,68351.2,paid
EMP0050,Engineering,1,2026,27,23,1,2,1,64500,7740.0,6450.0,1500,80190.0,8668.8,200,5940.0,14808.8,65381.2,paid
EMP0050,Engineering,2,2026,24,22,0,2,0,64500,7740.0,6450.0,1500,80190.0,8668.8,200,3341.25,12210.05,67979.95,paid
EMP0050,Engineering,3,2026,26,23,1,2,0,64500,7740.0,6450.0,1500,80190.0,8668.8,200,6168.46,15037.26,65152.74,paid
EMP0050,Engineering,4,2026,26,24,0,1,1,71500,8580.0,7150.0,1500,88730.0,9609.6,200,1706.35,11515.95,77214.05,paid
EMP0050,Engineering,5,2026,26,23,2,1,0,72000,8640.0,7200.0,1500,89340.0,9676.8,200,8590.38,18467.18,70872.82,paid
EMP0050,Engineering,6,2026,26,24,2,0,0,72500,8700.0,7250.0,1500,89950.0,9744.0,200,6919.23,16863.23,73086.77,paid
EMP0050,Engineering,7,2026,27,27,0,0,0,73500,8820.0,7350.0,1500,91170.0,9878.4,200,0.0,10078.4,81091.6,generated
EMP0051,Marketing,8,2025,26,23,1,0,2,46000,5520.0,4600.0,1500,57620.0,6182.4,200,2216.15,8598.55,49021.45,paid
EMP0051,Marketing,9,2025,26,23,3,0,0,46000,5520.0,4600.0,1500,57620.0,6182.4,200,6648.46,13030.86,44589.14,paid
EMP0051,Marketing,10,2025,27,22,3,2,0,46000,5520.0,4600.0,1500,57620.0,6182.4,200,8536.3,14918.7,42701.3,paid
EMP0051,Marketing,11,2025,25,24,1,0,0,46000,5520.0,4600.0,1500,57620.0,6182.4,200,2304.8,8687.2,48932.8,paid
EMP0051,Marketing,12,2025,27,26,0,0,1,46000,5520.0,4600.0,1500,57620.0,6182.4,200,0.0,6382.4,51237.6,paid
EMP0051,Marketing,1,2026,27,25,0,1,1,46000,5520.0,4600.0,1500,57620.0,6182.4,200,1067.04,7449.44,50170.56,paid
EMP0051,Marketing,2,2026,24,21,2,0,1,46000,5520.0,4600.0,1500,57620.0,6182.4,200,4801.67,11184.07,46435.93,paid
EMP0051,Marketing,3,2026,26,24,2,0,0,46000,5520.0,4600.0,1500,57620.0,6182.4,200,4432.31,10814.71,46805.29,paid
EMP0051,Marketing,4,2026,26,25,0,0,1,52000,6240.0,5200.0,1500,64940.0,6988.8,200,0.0,7188.8,57751.2,paid
EMP0051,Marketing,5,2026,26,24,0,1,1,49000,5880.0,4900.0,1500,61280.0,6585.6,200,1178.46,7964.06,53315.94,paid
EMP0051,Marketing,6,2026,26,25,1,0,0,49500,5940.0,4950.0,1500,61890.0,6652.8,200,2380.38,9233.18,52656.82,paid
EMP0051,Marketing,7,2026,27,27,0,0,0,51500,6180.0,5150.0,1500,64330.0,6921.6,200,0.0,7121.6,57208.4,generated
EMP0052,Sales,8,2025,26,24,1,1,0,53000,6360.0,5300.0,0,64660.0,7123.2,200,3730.38,11053.58,53606.42,paid
EMP0052,Sales,9,2025,26,21,2,0,3,53000,6360.0,5300.0,0,64660.0,7123.2,200,4973.85,12297.05,52362.95,paid
EMP0052,Sales,10,2025,27,25,2,0,0,53000,6360.0,5300.0,0,64660.0,7123.2,200,4789.63,12112.83,52547.17,paid
EMP0052,Sales,11,2025,25,23,1,0,1,53000,6360.0,5300.0,0,64660.0,7123.2,200,2586.4,9909.6,54750.4,paid
EMP0052,Sales,12,2025,27,24,0,0,3,53000,6360.0,5300.0,0,64660.0,7123.2,200,0.0,7323.2,57336.8,paid
EMP0052,Sales,1,2026,27,24,1,2,0,53000,6360.0,5300.0,0,64660.0,7123.2,200,4789.63,12112.83,52547.17,paid
EMP0052,Sales,2,2026,24,22,2,0,0,53000,6360.0,5300.0,0,64660.0,7123.2,200,5388.33,12711.53,51948.47,paid
EMP0052,Sales,3,2026,26,23,1,0,2,53000,6360.0,5300.0,0,64660.0,7123.2,200,2486.92,9810.12,54849.88,paid
EMP0052,Sales,4,2026,26,22,0,2,2,57000,6840.0,5700.0,0,69540.0,7660.8,200,2674.62,10535.42,59004.58,paid
EMP0052,Sales,5,2026,26,25,0,1,0,57000,6840.0,5700.0,0,69540.0,7660.8,200,1337.31,9198.11,60341.89,paid
EMP0052,Sales,6,2026,26,25,0,0,1,60000,7200.0,6000.0,0,73200.0,8064.0,200,0.0,8264.0,64936.0,paid
EMP0052,Sales,7,2026,27,25,2,0,0,58000,6960.0,5800.0,0,70760.0,7795.2,200,5241.48,13236.68,57523.32,generated
EMP0053,Sales,8,2025,26,24,1,1,0,40500,4860.0,4050.0,1000,50410.0,5443.2,200,2908.27,8551.47,41858.53,paid
EMP0053,Sales,9,2025,26,25,0,0,1,40500,4860.0,4050.0,1000,50410.0,5443.2,200,0.0,5643.2,44766.8,paid
EMP0053,Sales,10,2025,27,27,0,0,0,40500,4860.0,4050.0,1000,50410.0,5443.2,200,0.0,5643.2,44766.8,paid
EMP0053,Sales,11,2025,25,24,1,0,0,40500,4860.0,4050.0,1000,50410.0,5443.2,200,2016.4,7659.6,42750.4,paid
EMP0053,Sales,12,2025,27,26,0,0,1,40500,4860.0,4050.0,1000,50410.0,5443.2,200,0.0,5643.2,44766.8,paid
EMP0053,Sales,1,2026,27,26,0,1,0,40500,4860.0,4050.0,1000,50410.0,5443.2,200,933.52,6576.72,43833.28,paid
EMP0053,Sales,2,2026,24,22,0,1,1,40500,4860.0,4050.0,1000,50410.0,5443.2,200,1050.21,6693.41,43716.59,paid
EMP0053,Sales,3,2026,26,26,0,0,0,40500,4860.0,4050.0,1000,50410.0,5443.2,200,0.0,5643.2,44766.8,paid
EMP0053,Sales,4,2026,26,20,2,1,3,44000,5280.0,4400.0,1000,54680.0,5913.6,200,5257.69,11371.29,43308.71,paid
EMP0053,Sales,5,2026,26,24,1,1,0,44500,5340.0,4450.0,1000,55290.0,5980.8,200,3189.81,9370.61,45919.39,paid
EMP0053,Sales,6,2026,26,22,4,0,0,44000,5280.0,4400.0,1000,54680.0,5913.6,200,8412.31,14525.91,40154.09,paid
EMP0053,Sales,7,2026,27,27,0,0,0,43000,5160.0,4300.0,1000,53460.0,5779.2,200,0.0,5979.2,47480.8,generated
EMP0054,Finance,8,2025,26,26,0,0,0,50500,6060.0,5050.0,2500,64110.0,6787.2,200,0.0,6987.2,57122.8,paid
EMP0054,Finance,9,2025,26,26,0,0,0,50500,6060.0,5050.0,2500,64110.0,6787.2,200,0.0,6987.2,57122.8,paid
EMP0054,Finance,10,2025,27,27,0,0,0,50500,6060.0,5050.0,2500,64110.0,6787.2,200,0.0,6987.2,57122.8,paid
EMP0054,Finance,11,2025,25,25,0,0,0,50500,6060.0,5050.0,2500,64110.0,6787.2,200,0.0,6987.2,57122.8,paid
EMP0054,Finance,12,2025,27,24,1,2,0,50500,6060.0,5050.0,2500,64110.0,6787.2,200,4748.89,11736.09,52373.91,paid
EMP0054,Finance,1,2026,27,25,0,1,1,50500,6060.0,5050.0,2500,64110.0,6787.2,200,1187.22,8174.42,55935.58,paid
EMP0054,Finance,2,2026,24,22,2,0,0,50500,6060.0,5050.0,2500,64110.0,6787.2,200,5342.5,12329.7,51780.3,paid
EMP0054,Finance,3,2026,26,24,0,1,1,50500,6060.0,5050.0,2500,64110.0,6787.2,200,1232.88,8220.08,55889.92,paid
EMP0054,Finance,4,2026,26,23,0,0,3,57500,6900.0,5750.0,2500,72650.0,7728.0,200,0.0,7928.0,64722.0,paid
EMP0054,Finance,5,2026,26,25,1,0,0,54500,6540.0,5450.0,2500,68990.0,7324.8,200,2653.46,10178.26,58811.74,paid
EMP0054,Finance,6,2026,26,25,1,0,0,55500,6660.0,5550.0,2500,70210.0,7459.2,200,2700.38,10359.58,59850.42,paid
EMP0054,Finance,7,2026,27,27,0,0,0,54000,6480.0,5400.0,2500,68380.0,7257.6,200,0.0,7457.6,60922.4,generated
EMP0055,Finance,8,2025,26,24,1,0,1,67000,8040.0,6700.0,1000,82740.0,9004.8,200,3182.31,12387.11,70352.89,paid
EMP0055,Finance,9,2025,26,25,1,0,0,67000,8040.0,6700.0,1000,82740.0,9004.8,200,3182.31,12387.11,70352.89,paid
EMP0055,Finance,10,2025,27,21,2,3,1,67000,8040.0,6700.0,1000,82740.0,9004.8,200,10725.56,19930.36,62809.64,paid
EMP0055,Finance,11,2025,25,23,1,1,0,67000,8040.0,6700.0,1000,82740.0,9004.8,200,4964.4,14169.2,68570.8,paid
EMP0055,Finance,12,2025,27,25,2,0,0,67000,8040.0,6700.0,1000,82740.0,9004.8,200,6128.89,15333.69,67406.31,paid
EMP0055,Finance,1,2026,27,26,1,0,0,67000,8040.0,6700.0,1000,82740.0,9004.8,200,3064.44,12269.24,70470.76,paid
EMP0055,Finance,2,2026,24,23,0,0,1,67000,8040.0,6700.0,1000,82740.0,9004.8,200,0.0,9204.8,73535.2,paid
EMP0055,Finance,3,2026,26,25,0,0,1,67000,8040.0,6700.0,1000,82740.0,9004.8,200,0.0,9204.8,73535.2,paid
EMP0055,Finance,4,2026,26,25,0,1,0,67000,8040.0,6700.0,1000,82740.0,9004.8,200,1591.15,10795.95,71944.05,paid
EMP0055,Finance,5,2026,26,26,0,0,0,67000,8040.0,6700.0,1000,82740.0,9004.8,200,0.0,9204.8,73535.2,paid
EMP0055,Finance,6,2026,26,25,1,0,0,67000,8040.0,6700.0,1000,82740.0,9004.8,200,3182.31,12387.11,70352.89,paid
EMP0055,Finance,7,2026,27,27,0,0,0,67000,8040.0,6700.0,1000,82740.0,9004.8,200,0.0,9204.8,73535.2,generated
EMP0056,Operations,8,2025,26,21,4,0,1,29000,3480.0,2900.0,1000,36380.0,3897.6,200,5596.92,9694.52,26685.48,paid
EMP0056,Operations,9,2025,26,24,2,0,0,29000,3480.0,2900.0,1000,36380.0,3897.6,200,2798.46,6896.06,29483.94,paid
EMP0056,Operations,10,2025,27,24,2,1,0,29000,3480.0,2900.0,1000,36380.0,3897.6,200,3368.52,7466.12,28913.88,paid
EMP0056,Operations,11,2025,25,22,2,1,0,29000,3480.0,2900.0,1000,36380.0,3897.6,200,3638.0,7735.6,28644.4,paid
EMP0056,Operations,12,2025,27,24,1,2,0,29000,3480.0,2900.0,1000,36380.0,3897.6,200,2694.81,6792.41,29587.59,paid
EMP0056,Operations,1,2026,27,24,3,0,0,29000,3480.0,2900.0,1000,36380.0,3897.6,200,4042.22,8139.82,28240.18,paid
EMP0056,Operations,2,2026,24,21,2,1,0,29000,3480.0,2900.0,1000,36380.0,3897.6,200,3789.58,7887.18,28492.82,paid
EMP0056,Operations,3,2026,26,23,1,0,2,29000,3480.0,2900.0,1000,36380.0,3897.6,200,1399.23,5496.83,30883.17,paid
EMP0056,Operations,4,2026,26,24,1,0,1,29000,3480.0,2900.0,1000,36380.0,3897.6,200,1399.23,5496.83,30883.17,paid
EMP0056,Operations,5,2026,26,24,1,0,1,29000,3480.0,2900.0,1000,36380.0,3897.6,200,1399.23,5496.83,30883.17,paid
EMP0056,Operations,6,2026,26,26,0,0,0,29000,3480.0,2900.0,1000,36380.0,3897.6,200,0.0,4097.6,32282.4,paid
EMP0056,Operations,7,2026,27,25,1,1,0,29000,3480.0,2900.0,1000,36380.0,3897.6,200,2021.11,6118.71,30261.29,generated
EMP0057,Sales,8,2025,26,25,1,0,0,60000,7200.0,6000.0,0,73200.0,8064.0,200,2815.38,11079.38,62120.62,paid
EMP0057,Sales,9,2025,26,22,0,2,2,60000,7200.0,6000.0,0,73200.0,8064.0,200,2815.38,11079.38,62120.62,paid
EMP0057,Sales,10,2025,27,26,0,1,0,60000,7200.0,6000.0,0,73200.0,8064.0,200,1355.56,9619.56,63580.44,paid
EMP0057,Sales,11,2025,25,22,0,2,1,60000,7200.0,6000.0,0,73200.0,8064.0,200,2928.0,11192.0,62008.0,paid
EMP0057,Sales,12,2025,27,25,2,0,0,60000,7200.0,6000.0,0,73200.0,8064.0,200,5422.22,13686.22,59513.78,paid
EMP0057,Sales,1,2026,27,26,1,0,0,60000,7200.0,6000.0,0,73200.0,8064.0,200,2711.11,10975.11,62224.89,paid
EMP0057,Sales,2,2026,24,23,0,1,0,60000,7200.0,6000.0,0,73200.0,8064.0,200,1525.0,9789.0,63411.0,paid
EMP0057,Sales,3,2026,26,25,1,0,0,60000,7200.0,6000.0,0,73200.0,8064.0,200,2815.38,11079.38,62120.62,paid
EMP0057,Sales,4,2026,26,24,0,1,1,64500,7740.0,6450.0,0,78690.0,8668.8,200,1513.27,10382.07,68307.93,paid
EMP0057,Sales,5,2026,26,25,0,1,0,64000,7680.0,6400.0,0,78080.0,8601.6,200,1501.54,10303.14,67776.86,paid
EMP0057,Sales,6,2026,26,24,1,0,1,64000,7680.0,6400.0,0,78080.0,8601.6,200,3003.08,11804.68,66275.32,paid
EMP0057,Sales,7,2026,27,24,1,0,2,66500,7980.0,6650.0,0,81130.0,8937.6,200,3004.81,12142.41,68987.59,generated
EMP0058,HR,8,2025,26,25,1,0,0,33000,3960.0,3300.0,2000,42260.0,4435.2,200,1625.38,6260.58,35999.42,paid
EMP0058,HR,9,2025,26,25,1,0,0,33000,3960.0,3300.0,2000,42260.0,4435.2,200,1625.38,6260.58,35999.42,paid
EMP0058,HR,10,2025,27,26,1,0,0,33000,3960.0,3300.0,2000,42260.0,4435.2,200,1565.19,6200.39,36059.61,paid
EMP0058,HR,11,2025,25,25,0,0,0,33000,3960.0,3300.0,2000,42260.0,4435.2,200,0.0,4635.2,37624.8,paid
EMP0058,HR,12,2025,27,24,1,1,1,33000,3960.0,3300.0,2000,42260.0,4435.2,200,2347.78,6982.98,35277.02,paid
EMP0058,HR,1,2026,27,26,0,0,1,33000,3960.0,3300.0,2000,42260.0,4435.2,200,0.0,4635.2,37624.8,paid
EMP0058,HR,2,2026,24,23,1,0,0,33000,3960.0,3300.0,2000,42260.0,4435.2,200,1760.83,6396.03,35863.97,paid
EMP0058,HR,3,2026,26,24,2,0,0,33000,3960.0,3300.0,2000,42260.0,4435.2,200,3250.77,7885.97,34374.03,paid
EMP0058,HR,4,2026,26,26,0,0,0,35000,4200.0,3500.0,2000,44700.0,4704.0,200,0.0,4904.0,39796.0,paid
EMP0058,HR,5,2026,26,25,0,0,1,36000,4320.0,3600.0,2000,45920.0,4838.4,200,0.0,5038.4,40881.6,paid
EMP0058,HR,6,2026,26,25,1,0,0,36500,4380.0,3650.0,2000,46530.0,4905.6,200,1789.62,6895.22,39634.78,paid
EMP0058,HR,7,2026,27,25,1,1,0,36000,4320.0,3600.0,2000,45920.0,4838.4,200,2551.11,7589.51,38330.49,generated
EMP0059,Engineering,8,2025,26,24,0,2,0,54500,6540.0,5450.0,1500,67990.0,7324.8,200,2615.0,10139.8,57850.2,paid
EMP0059,Engineering,9,2025,26,21,2,1,2,54500,6540.0,5450.0,1500,67990.0,7324.8,200,6537.5,14062.3,53927.7,paid
EMP0059,Engineering,10,2025,27,22,2,2,1,54500,6540.0,5450.0,1500,67990.0,7324.8,200,7554.44,15079.24,52910.76,paid
EMP0059,Engineering,11,2025,25,24,0,0,1,54500,6540.0,5450.0,1500,67990.0,7324.8,200,0.0,7524.8,60465.2,paid
EMP0059,Engineering,12,2025,27,26,1,0,0,54500,6540.0,5450.0,1500,67990.0,7324.8,200,2518.15,10042.95,57947.05,paid
EMP0059,Engineering,1,2026,27,24,2,1,0,54500,6540.0,5450.0,1500,67990.0,7324.8,200,6295.37,13820.17,54169.83,paid
EMP0059,Engineering,2,2026,24,24,0,0,0,54500,6540.0,5450.0,1500,67990.0,7324.8,200,0.0,7524.8,60465.2,paid
EMP0059,Engineering,3,2026,26,21,3,2,0,54500,6540.0,5450.0,1500,67990.0,7324.8,200,10460.0,17984.8,50005.2,paid
EMP0059,Engineering,4,2026,26,26,0,0,0,58500,7020.0,5850.0,1500,72870.0,7862.4,200,0.0,8062.4,64807.6,paid
EMP0059,Engineering,5,2026,26,22,2,1,1,58500,7020.0,5850.0,1500,72870.0,7862.4,200,7006.73,15069.13,57800.87,paid
EMP0059,Engineering,6,2026,26,24,0,0,2,58500,7020.0,5850.0,1500,72870.0,7862.4,200,0.0,8062.4,64807.6,paid
EMP0059,Engineering,7,2026,27,26,0,0,1,59000,7080.0,5900.0,1500,73480.0,7929.6,200,0.0,8129.6,65350.4,generated
EMP0060,Engineering,8,2025,26,25,1,0,0,40500,4860.0,4050.0,2000,51410.0,5443.2,200,1977.31,7620.51,43789.49,paid
EMP0060,Engineering,9,2025,26,26,0,0,0,40500,4860.0,4050.0,2000,51410.0,5443.2,200,0.0,5643.2,45766.8,paid
EMP0060,Engineering,10,2025,27,25,0,1,1,40500,4860.0,4050.0,2000,51410.0,5443.2,200,952.04,6595.24,44814.76,paid
EMP0060,Engineering,11,2025,25,24,1,0,0,40500,4860.0,4050.0,2000,51410.0,5443.2,200,2056.4,7699.6,43710.4,paid
EMP0060,Engineering,12,2025,27,25,1,0,1,40500,4860.0,4050.0,2000,51410.0,5443.2,200,1904.07,7547.27,43862.73,paid
EMP0060,Engineering,1,2026,27,24,2,0,1,40500,4860.0,4050.0,2000,51410.0,5443.2,200,3808.15,9451.35,41958.65,paid
EMP0060,Engineering,2,2026,24,23,0,0,1,40500,4860.0,4050.0,2000,51410.0,5443.2,200,0.0,5643.2,45766.8,paid
EMP0060,Engineering,3,2026,26,25,0,1,0,40500,4860.0,4050.0,2000,51410.0,5443.2,200,988.65,6631.85,44778.15,paid
EMP0060,Engineering,4,2026,26,24,1,0,1,44000,5280.0,4400.0,2000,55680.0,5913.6,200,2141.54,8255.14,47424.86,paid
EMP0060,Engineering,5,2026,26,25,0,0,1,44000,5280.0,4400.0,2000,55680.0,5913.6,200,0.0,6113.6,49566.4,paid
EMP0060,Engineering,6,2026,26,22,2,1,1,43500,5220.0,4350.0,2000,55070.0,5846.4,200,5295.19,11341.59,43728.41,paid
EMP0060,Engineering,7,2026,27,26,1,0,0,43500,5220.0,4350.0,2000,55070.0,5846.4,200,2039.63,8086.03,46983.97,generated
EMP0061,Engineering,8,2025,26,23,2,0,1,74500,8940.0,7450.0,0,90890.0,10012.8,200,6991.54,17204.34,73685.66,paid
EMP0061,Engineering,9,2025,26,24,1,0,1,74500,8940.0,7450.0,0,90890.0,10012.8,200,3495.77,13708.57,77181.43,paid
EMP0061,Engineering,10,2025,27,25,0,1,1,74500,8940.0,7450.0,0,90890.0,10012.8,200,1683.15,11895.95,78994.05,paid
EMP0061,Engineering,11,2025,25,22,1,1,1,74500,8940.0,7450.0,0,90890.0,10012.8,200,5453.4,15666.2,75223.8,paid
EMP0061,Engineering,12,2025,27,26,0,0,1,74500,8940.0,7450.0,0,90890.0,10012.8,200,0.0,10212.8,80677.2,paid
EMP0061,Engineering,1,2026,27,25,1,0,1,74500,8940.0,7450.0,0,90890.0,10012.8,200,3366.3,13579.1,77310.9,paid
EMP0061,Engineering,2,2026,24,23,0,1,0,74500,8940.0,7450.0,0,90890.0,10012.8,200,1893.54,12106.34,78783.66,paid
EMP0061,Engineering,3,2026,26,25,1,0,0,74500,8940.0,7450.0,0,90890.0,10012.8,200,3495.77,13708.57,77181.43,paid
EMP0061,Engineering,4,2026,26,23,3,0,0,83000,9960.0,8300.0,0,101260.0,11155.2,200,11683.85,23039.05,78220.95,paid
EMP0061,Engineering,5,2026,26,24,2,0,0,79000,9480.0,7900.0,0,96380.0,10617.6,200,7413.85,18231.45,78148.55,paid
EMP0061,Engineering,6,2026,26,25,1,0,0,81500,9780.0,8150.0,0,99430.0,10953.6,200,3824.23,14977.83,84452.17,paid
EMP0061,Engineering,7,2026,27,27,0,0,0,84500,10140.0,8450.0,0,103090.0,11356.8,200,0.0,11556.8,91533.2,generated
EMP0062,Engineering,8,2025,26,23,0,1,2,50000,6000.0,5000.0,0,61000.0,6720.0,200,1173.08,8093.08,52906.92,paid
EMP0062,Engineering,9,2025,26,25,1,0,0,50000,6000.0,5000.0,0,61000.0,6720.0,200,2346.15,9266.15,51733.85,paid
EMP0062,Engineering,10,2025,27,26,0,1,0,50000,6000.0,5000.0,0,61000.0,6720.0,200,1129.63,8049.63,52950.37,paid
EMP0062,Engineering,11,2025,25,25,0,0,0,50000,6000.0,5000.0,0,61000.0,6720.0,200,0.0,6920.0,54080.0,paid
EMP0062,Engineering,12,2025,27,26,1,0,0,50000,6000.0,5000.0,0,61000.0,6720.0,200,2259.26,9179.26,51820.74,paid
EMP0062,Engineering,1,2026,27,25,0,1,1,50000,6000.0,5000.0,0,61000.0,6720.0,200,1129.63,8049.63,52950.37,paid
EMP0062,Engineering,2,2026,24,21,1,1,1,50000,6000.0,5000.0,0,61000.0,6720.0,200,3812.5,10732.5,50267.5,paid
EMP0062,Engineering,3,2026,26,22,1,2,1,50000,6000.0,5000.0,0,61000.0,6720.0,200,4692.31,11612.31,49387.69,paid
EMP0062,Engineering,4,2026,26,24,0,1,1,56000,6720.0,5600.0,0,68320.0,7526.4,200,1313.85,9040.25,59279.75,paid
EMP0062,Engineering,5,2026,26,24,2,0,0,54500,6540.0,5450.0,0,66490.0,7324.8,200,5114.62,12639.42,53850.58,paid
EMP0062,Engineering,6,2026,26,22,1,2,1,55000,6600.0,5500.0,0,67100.0,7392.0,200,5161.54,12753.54,54346.46,paid
EMP0062,Engineering,7,2026,27,27,0,0,0,57000,6840.0,5700.0,0,69540.0,7660.8,200,0.0,7860.8,61679.2,generated
EMP0063,Finance,8,2025,26,24,0,1,1,41500,4980.0,4150.0,0,50630.0,5577.6,200,973.65,6751.25,43878.75,paid
EMP0063,Finance,9,2025,26,26,0,0,0,41500,4980.0,4150.0,0,50630.0,5577.6,200,0.0,5777.6,44852.4,paid
EMP0063,Finance,10,2025,27,24,0,3,0,41500,4980.0,4150.0,0,50630.0,5577.6,200,2812.78,8590.38,42039.62,paid
EMP0063,Finance,11,2025,25,24,0,0,1,41500,4980.0,4150.0,0,50630.0,5577.6,200,0.0,5777.6,44852.4,paid
EMP0063,Finance,12,2025,27,27,0,0,0,41500,4980.0,4150.0,0,50630.0,5577.6,200,0.0,5777.6,44852.4,paid
EMP0063,Finance,1,2026,27,25,1,1,0,41500,4980.0,4150.0,0,50630.0,5577.6,200,2812.78,8590.38,42039.62,paid
EMP0063,Finance,2,2026,24,21,1,1,1,41500,4980.0,4150.0,0,50630.0,5577.6,200,3164.38,8941.98,41688.02,paid
EMP0063,Finance,3,2026,26,25,1,0,0,41500,4980.0,4150.0,0,50630.0,5577.6,200,1947.31,7724.91,42905.09,paid
EMP0063,Finance,4,2026,26,25,0,0,1,46500,5580.0,4650.0,0,56730.0,6249.6,200,0.0,6449.6,50280.4,paid
EMP0063,Finance,5,2026,26,24,1,0,1,46000,5520.0,4600.0,0,56120.0,6182.4,200,2158.46,8540.86,47579.14,paid
EMP0063,Finance,6,2026,26,24,1,1,0,46000,5520.0,4600.0,0,56120.0,6182.4,200,3237.69,9620.09,46499.91,paid
EMP0063,Finance,7,2026,27,26,0,1,0,47000,5640.0,4700.0,0,57340.0,6316.8,200,1061.85,7578.65,49761.35,generated
EMP0064,Operations,8,2025,26,24,1,0,1,31000,3720.0,3100.0,0,37820.0,4166.4,200,1454.62,5821.02,31998.98,paid
EMP0064,Operations,9,2025,26,24,2,0,0,31000,3720.0,3100.0,0,37820.0,4166.4,200,2909.23,7275.63,30544.37,paid
EMP0064,Operations,10,2025,27,26,1,0,0,31000,3720.0,3100.0,0,37820.0,4166.4,200,1400.74,5767.14,32052.86,paid
EMP0064,Operations,11,2025,25,21,2,0,2,31000,3720.0,3100.0,0,37820.0,4166.4,200,3025.6,7392.0,30428.0,paid
EMP0064,Operations,12,2025,27,27,0,0,0,31000,3720.0,3100.0,0,37820.0,4166.4,200,0.0,4366.4,33453.6,paid
EMP0064,Operations,1,2026,27,26,0,0,1,31000,3720.0,3100.0,0,37820.0,4166.4,200,0.0,4366.4,33453.6,paid
EMP0064,Operations,2,2026,24,23,0,0,1,31000,3720.0,3100.0,0,37820.0,4166.4,200,0.0,4366.4,33453.6,paid
EMP0064,Operations,3,2026,26,25,0,1,0,31000,3720.0,3100.0,0,37820.0,4166.4,200,727.31,5093.71,32726.29,paid
EMP0064,Operations,4,2026,26,24,0,1,1,33500,4020.0,3350.0,0,40870.0,4502.4,200,785.96,5488.36,35381.64,paid
EMP0064,Operations,5,2026,26,23,0,3,0,34500,4140.0,3450.0,0,42090.0,4636.8,200,2428.27,7265.07,34824.93,paid
EMP0064,Operations,6,2026,26,21,2,1,2,33500,4020.0,3350.0,0,40870.0,4502.4,200,3929.81,8632.21,32237.79,paid
EMP0064,Operations,7,2026,27,27,0,0,0,34000,4080.0,3400.0,0,41480.0,4569.6,200,0.0,4769.6,36710.4,generated
EMP0065,Support,8,2025,26,23,0,2,1,32500,3900.0,3250.0,2500,42150.0,4368.0,200,1621.15,6189.15,35960.85,paid
EMP0065,Support,9,2025,26,24,2,0,0,32500,3900.0,3250.0,2500,42150.0,4368.0,200,3242.31,7810.31,34339.69,paid
EMP0065,Support,10,2025,27,22,4,1,0,32500,3900.0,3250.0,2500,42150.0,4368.0,200,7025.0,11593.0,30557.0,paid
EMP0065,Support,11,2025,25,22,1,2,0,32500,3900.0,3250.0,2500,42150.0,4368.0,200,3372.0,7940.0,34210.0,paid
EMP0065,Support,12,2025,27,23,2,1,1,32500,3900.0,3250.0,2500,42150.0,4368.0,200,3902.78,8470.78,33679.22,paid
EMP0065,Support,1,2026,27,22,2,2,1,32500,3900.0,3250.0,2500,42150.0,4368.0,200,4683.33,9251.33,32898.67,paid
EMP0065,Support,2,2026,24,20,0,2,2,32500,3900.0,3250.0,2500,42150.0,4368.0,200,1756.25,6324.25,35825.75,paid
EMP0065,Support,3,2026,26,26,0,0,0,32500,3900.0,3250.0,2500,42150.0,4368.0,200,0.0,4568.0,37582.0,paid
EMP0065,Support,4,2026,26,24,1,0,1,34500,4140.0,3450.0,2500,44590.0,4636.8,200,1715.0,6551.8,38038.2,paid
EMP0065,Support,5,2026,26,25,0,1,0,36500,4380.0,3650.0,2500,47030.0,4905.6,200,904.42,6010.02,41019.98,paid
EMP0065,Support,6,2026,26,21,1,2,2,35000,4200.0,3500.0,2500,45200.0,4704.0,200,3476.92,8380.92,36819.08,paid
EMP0065,Support,7,2026,27,24,1,2,0,36000,4320.0,3600.0,2500,46420.0,4838.4,200,3438.52,8476.92,37943.08,generated
EMP0066,Sales,8,2025,26,23,1,1,1,47000,5640.0,4700.0,1000,58340.0,6316.8,200,3365.77,9882.57,48457.43,paid
EMP0066,Sales,9,2025,26,24,0,1,1,47000,5640.0,4700.0,1000,58340.0,6316.8,200,1121.92,7638.72,50701.28,paid
EMP0066,Sales,10,2025,27,21,1,4,1,47000,5640.0,4700.0,1000,58340.0,6316.8,200,6482.22,12999.02,45340.98,paid
EMP0066,Sales,11,2025,25,23,1,1,0,47000,5640.0,4700.0,1000,58340.0,6316.8,200,3500.4,10017.2,48322.8,paid
EMP0066,Sales,12,2025,27,24,3,0,0,47000,5640.0,4700.0,1000,58340.0,6316.8,200,6482.22,12999.02,45340.98,paid
EMP0066,Sales,1,2026,27,25,1,1,0,47000,5640.0,4700.0,1000,58340.0,6316.8,200,3241.11,9757.91,48582.09,paid
EMP0066,Sales,2,2026,24,21,0,1,2,47000,5640.0,4700.0,1000,58340.0,6316.8,200,1215.42,7732.22,50607.78,paid
EMP0066,Sales,3,2026,26,25,0,0,1,47000,5640.0,4700.0,1000,58340.0,6316.8,200,0.0,6516.8,51823.2,paid
EMP0066,Sales,4,2026,26,24,1,0,1,53500,6420.0,5350.0,1000,66270.0,7190.4,200,2548.85,9939.25,56330.75,paid
EMP0066,Sales,5,2026,26,23,2,1,0,51000,6120.0,5100.0,1000,63220.0,6854.4,200,6078.85,13133.25,50086.75,paid
EMP0066,Sales,6,2026,26,23,0,2,1,51000,6120.0,5100.0,1000,63220.0,6854.4,200,2431.54,9485.94,53734.06,paid
EMP0066,Sales,7,2026,27,23,3,0,1,51500,6180.0,5150.0,1000,63830.0,6921.6,200,7092.22,14213.82,49616.18,generated
EMP0067,Sales,8,2025,26,24,1,1,0,44500,5340.0,4450.0,1000,55290.0,5980.8,200,3189.81,9370.61,45919.39,paid
EMP0067,Sales,9,2025,26,24,1,0,1,44500,5340.0,4450.0,1000,55290.0,5980.8,200,2126.54,8307.34,46982.66,paid
EMP0067,Sales,10,2025,27,24,1,2,0,44500,5340.0,4450.0,1000,55290.0,5980.8,200,4095.56,10276.36,45013.64,paid
EMP0067,Sales,11,2025,25,22,2,1,0,44500,5340.0,4450.0,1000,55290.0,5980.8,200,5529.0,11709.8,43580.2,paid
EMP0067,Sales,12,2025,27,25,1,0,1,44500,5340.0,4450.0,1000,55290.0,5980.8,200,2047.78,8228.58,47061.42,paid
EMP0067,Sales,1,2026,27,26,1,0,0,44500,5340.0,4450.0,1000,55290.0,5980.8,200,2047.78,8228.58,47061.42,paid
EMP0067,Sales,2,2026,24,21,0,1,2,44500,5340.0,4450.0,1000,55290.0,5980.8,200,1151.88,7332.68,47957.32,paid
EMP0067,Sales,3,2026,26,25,0,0,1,44500,5340.0,4450.0,1000,55290.0,5980.8,200,0.0,6180.8,49109.2,paid
EMP0067,Sales,4,2026,26,24,0,2,0,49000,5880.0,4900.0,1000,60780.0,6585.6,200,2337.69,9123.29,51656.71,paid
EMP0067,Sales,5,2026,26,24,0,0,2,48000,5760.0,4800.0,1000,59560.0,6451.2,200,0.0,6651.2,52908.8,paid
EMP0067,Sales,6,2026,26,23,2,1,0,50000,6000.0,5000.0,1000,62000.0,6720.0,200,5961.54,12881.54,49118.46,paid
EMP0067,Sales,7,2026,27,25,2,0,0,49500,5940.0,4950.0,1000,61390.0,6652.8,200,4547.41,11400.21,49989.79,generated
EMP0068,Operations,8,2025,26,22,2,2,0,44000,5280.0,4400.0,0,53680.0,5913.6,200,6193.85,12307.45,41372.55,paid
EMP0068,Operations,9,2025,26,25,1,0,0,44000,5280.0,4400.0,0,53680.0,5913.6,200,2064.62,8178.22,45501.78,paid
EMP0068,Operations,10,2025,27,22,0,3,2,44000,5280.0,4400.0,0,53680.0,5913.6,200,2982.22,9095.82,44584.18,paid
EMP0068,Operations,11,2025,25,25,0,0,0,44000,5280.0,4400.0,0,53680.0,5913.6,200,0.0,6113.6,47566.4,paid
EMP0068,Operations,12,2025,27,27,0,0,0,44000,5280.0,4400.0,0,53680.0,5913.6,200,0.0,6113.6,47566.4,paid
EMP0068,Operations,1,2026,27,26,0,0,1,44000,5280.0,4400.0,0,53680.0,5913.6,200,0.0,6113.6,47566.4,paid
EMP0068,Operations,2,2026,24,20,1,0,3,44000,5280.0,4400.0,0,53680.0,5913.6,200,2236.67,8350.27,45329.73,paid
EMP0068,Operations,3,2026,26,26,0,0,0,44000,5280.0,4400.0,0,53680.0,5913.6,200,0.0,6113.6,47566.4,paid
EMP0068,Operations,4,2026,26,24,2,0,0,47000,5640.0,4700.0,0,57340.0,6316.8,200,4410.77,10927.57,46412.43,paid
EMP0068,Operations,5,2026,26,23,1,1,1,48500,5820.0,4850.0,0,59170.0,6518.4,200,3413.65,10132.05,49037.95,paid
EMP0068,Operations,6,2026,26,24,1,1,0,48000,5760.0,4800.0,0,58560.0,6451.2,200,3378.46,10029.66,48530.34,paid
EMP0068,Operations,7,2026,27,26,1,0,0,48000,5760.0,4800.0,0,58560.0,6451.2,200,2168.89,8820.09,49739.91,generated
EMP0069,Engineering,8,2025,26,22,1,1,2,60000,7200.0,6000.0,1500,74700.0,8064.0,200,4309.62,12573.62,62126.38,paid
EMP0069,Engineering,9,2025,26,24,0,1,1,60000,7200.0,6000.0,1500,74700.0,8064.0,200,1436.54,9700.54,64999.46,paid
EMP0069,Engineering,10,2025,27,26,0,1,0,60000,7200.0,6000.0,1500,74700.0,8064.0,200,1383.33,9647.33,65052.67,paid
EMP0069,Engineering,11,2025,25,21,1,1,2,60000,7200.0,6000.0,1500,74700.0,8064.0,200,4482.0,12746.0,61954.0,paid
EMP0069,Engineering,12,2025,27,26,0,1,0,60000,7200.0,6000.0,1500,74700.0,8064.0,200,1383.33,9647.33,65052.67,paid
EMP0069,Engineering,1,2026,27,26,0,1,0,60000,7200.0,6000.0,1500,74700.0,8064.0,200,1383.33,9647.33,65052.67,paid
EMP0069,Engineering,2,2026,24,23,0,1,0,60000,7200.0,6000.0,1500,74700.0,8064.0,200,1556.25,9820.25,64879.75,paid
EMP0069,Engineering,3,2026,26,24,1,0,1,60000,7200.0,6000.0,1500,74700.0,8064.0,200,2873.08,11137.08,63562.92,paid
EMP0069,Engineering,4,2026,26,25,0,1,0,68500,8220.0,6850.0,1500,85070.0,9206.4,200,1635.96,11042.36,74027.64,paid
EMP0069,Engineering,5,2026,26,24,1,1,0,65500,7860.0,6550.0,1500,81410.0,8803.2,200,4696.73,13699.93,67710.07,paid
EMP0069,Engineering,6,2026,26,25,0,0,1,63500,7620.0,6350.0,1500,78970.0,8534.4,200,0.0,8734.4,70235.6,paid
EMP0069,Engineering,7,2026,27,27,0,0,0,65500,7860.0,6550.0,1500,81410.0,8803.2,200,0.0,9003.2,72406.8,generated
EMP0070,Operations,8,2025,26,26,0,0,0,44500,5340.0,4450.0,1500,55790.0,5980.8,200,0.0,6180.8,49609.2,paid
EMP0070,Operations,9,2025,26,22,1,1,2,44500,5340.0,4450.0,1500,55790.0,5980.8,200,3218.65,9399.45,46390.55,paid
EMP0070,Operations,10,2025,27,27,0,0,0,44500,5340.0,4450.0,1500,55790.0,5980.8,200,0.0,6180.8,49609.2,paid
EMP0070,Operations,11,2025,25,22,1,0,2,44500,5340.0,4450.0,1500,55790.0,5980.8,200,2231.6,8412.4,47377.6,paid
EMP0070,Operations,12,2025,27,25,1,1,0,44500,5340.0,4450.0,1500,55790.0,5980.8,200,3099.44,9280.24,46509.76,paid
EMP0070,Operations,1,2026,27,26,0,0,1,44500,5340.0,4450.0,1500,55790.0,5980.8,200,0.0,6180.8,49609.2,paid
EMP0070,Operations,2,2026,24,24,0,0,0,44500,5340.0,4450.0,1500,55790.0,5980.8,200,0.0,6180.8,49609.2,paid
EMP0070,Operations,3,2026,26,26,0,0,0,44500,5340.0,4450.0,1500,55790.0,5980.8,200,0.0,6180.8,49609.2,paid
EMP0070,Operations,4,2026,26,25,1,0,0,44500,5340.0,4450.0,1500,55790.0,5980.8,200,2145.77,8326.57,47463.43,paid
EMP0070,Operations,5,2026,26,22,1,3,0,44500,5340.0,4450.0,1500,55790.0,5980.8,200,5364.42,11545.22,44244.78,paid
EMP0070,Operations,6,2026,26,24,1,0,1,44500,5340.0,4450.0,1500,55790.0,5980.8,200,2145.77,8326.57,47463.43,paid
EMP0070,Operations,7,2026,27,27,0,0,0,44500,5340.0,4450.0,1500,55790.0,5980.8,200,0.0,6180.8,49609.2,generated
EMP0071,Sales,8,2025,26,24,0,2,0,45000,5400.0,4500.0,1000,55900.0,6048.0,200,2150.0,8398.0,47502.0,paid
EMP0071,Sales,9,2025,26,22,2,1,1,45000,5400.0,4500.0,1000,55900.0,6048.0,200,5375.0,11623.0,44277.0,paid
EMP0071,Sales,10,2025,27,27,0,0,0,45000,5400.0,4500.0,1000,55900.0,6048.0,200,0.0,6248.0,49652.0,paid
EMP0071,Sales,11,2025,25,24,0,1,0,45000,5400.0,4500.0,1000,55900.0,6048.0,200,1118.0,7366.0,48534.0,paid
EMP0071,Sales,12,2025,27,24,2,1,0,45000,5400.0,4500.0,1000,55900.0,6048.0,200,5175.93,11423.93,44476.07,paid
EMP0071,Sales,1,2026,27,25,1,1,0,45000,5400.0,4500.0,1000,55900.0,6048.0,200,3105.56,9353.56,46546.44,paid
EMP0071,Sales,2,2026,24,23,1,0,0,45000,5400.0,4500.0,1000,55900.0,6048.0,200,2329.17,8577.17,47322.83,paid
EMP0071,Sales,3,2026,26,22,3,0,1,45000,5400.0,4500.0,1000,55900.0,6048.0,200,6450.0,12698.0,43202.0,paid
EMP0071,Sales,4,2026,26,22,2,0,2,45000,5400.0,4500.0,1000,55900.0,6048.0,200,4300.0,10548.0,45352.0,paid
EMP0071,Sales,5,2026,26,24,1,0,1,45000,5400.0,4500.0,1000,55900.0,6048.0,200,2150.0,8398.0,47502.0,paid
EMP0071,Sales,6,2026,26,26,0,0,0,45000,5400.0,4500.0,1000,55900.0,6048.0,200,0.0,6248.0,49652.0,paid
EMP0071,Sales,7,2026,27,27,0,0,0,45000,5400.0,4500.0,1000,55900.0,6048.0,200,0.0,6248.0,49652.0,generated
EMP0072,Finance,8,2025,26,25,0,0,1,45000,5400.0,4500.0,2000,56900.0,6048.0,200,0.0,6248.0,50652.0,paid
EMP0072,Finance,9,2025,26,25,1,0,0,45000,5400.0,4500.0,2000,56900.0,6048.0,200,2188.46,8436.46,48463.54,paid
EMP0072,Finance,10,2025,27,24,1,2,0,45000,5400.0,4500.0,2000,56900.0,6048.0,200,4214.81,10462.81,46437.19,paid
EMP0072,Finance,11,2025,25,22,2,0,1,45000,5400.0,4500.0,2000,56900.0,6048.0,200,4552.0,10800.0,46100.0,paid
EMP0072,Finance,12,2025,27,23,0,2,2,45000,5400.0,4500.0,2000,56900.0,6048.0,200,2107.41,8355.41,48544.59,paid
EMP0072,Finance,1,2026,27,27,0,0,0,45000,5400.0,4500.0,2000,56900.0,6048.0,200,0.0,6248.0,50652.0,paid
EMP0072,Finance,2,2026,24,23,0,0,1,45000,5400.0,4500.0,2000,56900.0,6048.0,200,0.0,6248.0,50652.0,paid
EMP0072,Finance,3,2026,26,24,0,0,2,45000,5400.0,4500.0,2000,56900.0,6048.0,200,0.0,6248.0,50652.0,paid
EMP0072,Finance,4,2026,26,26,0,0,0,50000,6000.0,5000.0,2000,63000.0,6720.0,200,0.0,6920.0,56080.0,paid
EMP0072,Finance,5,2026,26,26,0,0,0,49500,5940.0,4950.0,2000,62390.0,6652.8,200,0.0,6852.8,55537.2,paid
EMP0072,Finance,6,2026,26,26,0,0,0,48000,5760.0,4800.0,2000,60560.0,6451.2,200,0.0,6651.2,53908.8,paid
EMP0072,Finance,7,2026,27,26,0,0,1,48500,5820.0,4850.0,2000,61170.0,6518.4,200,0.0,6718.4,54451.6,generated
EMP0073,Engineering,8,2025,26,25,0,1,0,56000,6720.0,5600.0,0,68320.0,7526.4,200,1313.85,9040.25,59279.75,paid
EMP0073,Engineering,9,2025,26,23,1,1,1,56000,6720.0,5600.0,0,68320.0,7526.4,200,3941.54,11667.94,56652.06,paid
EMP0073,Engineering,10,2025,27,25,2,0,0,56000,6720.0,5600.0,0,68320.0,7526.4,200,5060.74,12787.14,55532.86,paid
EMP0073,Engineering,11,2025,25,24,1,0,0,56000,6720.0,5600.0,0,68320.0,7526.4,200,2732.8,10459.2,57860.8,paid
EMP0073,Engineering,12,2025,27,26,0,0,1,56000,6720.0,5600.0,0,68320.0,7526.4,200,0.0,7726.4,60593.6,paid
EMP0073,Engineering,1,2026,27,24,1,1,1,56000,6720.0,5600.0,0,68320.0,7526.4,200,3795.56,11521.96,56798.04,paid
EMP0073,Engineering,2,2026,24,21,1,0,2,56000,6720.0,5600.0,0,68320.0,7526.4,200,2846.67,10573.07,57746.93,paid
EMP0073,Engineering,3,2026,26,23,2,1,0,56000,6720.0,5600.0,0,68320.0,7526.4,200,6569.23,14295.63,54024.37,paid
EMP0073,Engineering,4,2026,26,22,4,0,0,63000,7560.0,6300.0,0,76860.0,8467.2,200,11824.62,20491.82,56368.18,paid
EMP0073,Engineering,5,2026,26,25,0,0,1,59500,7140.0,5950.0,0,72590.0,7996.8,200,0.0,8196.8,64393.2,paid
EMP0073,Engineering,6,2026,26,25,0,0,1,60500,7260.0,6050.0,0,73810.0,8131.2,200,0.0,8331.2,65478.8,paid
EMP0073,Engineering,7,2026,27,25,1,1,0,64000,7680.0,6400.0,0,78080.0,8601.6,200,4337.78,13139.38,64940.62,generated
EMP0074,HR,8,2025,26,26,0,0,0,51000,6120.0,5100.0,1000,63220.0,6854.4,200,0.0,7054.4,56165.6,paid
EMP0074,HR,9,2025,26,24,2,0,0,51000,6120.0,5100.0,1000,63220.0,6854.4,200,4863.08,11917.48,51302.52,paid
EMP0074,HR,10,2025,27,25,2,0,0,51000,6120.0,5100.0,1000,63220.0,6854.4,200,4682.96,11737.36,51482.64,paid
EMP0074,HR,11,2025,25,23,1,1,0,51000,6120.0,5100.0,1000,63220.0,6854.4,200,3793.2,10847.6,52372.4,paid
EMP0074,HR,12,2025,27,25,0,1,1,51000,6120.0,5100.0,1000,63220.0,6854.4,200,1170.74,8225.14,54994.86,paid
EMP0074,HR,1,2026,27,26,1,0,0,51000,6120.0,5100.0,1000,63220.0,6854.4,200,2341.48,9395.88,53824.12,paid
EMP0074,HR,2,2026,24,23,0,1,0,51000,6120.0,5100.0,1000,63220.0,6854.4,200,1317.08,8371.48,54848.52,paid
EMP0074,HR,3,2026,26,26,0,0,0,51000,6120.0,5100.0,1000,63220.0,6854.4,200,0.0,7054.4,56165.6,paid
EMP0074,HR,4,2026,26,25,0,0,1,56500,6780.0,5650.0,1000,69930.0,7593.6,200,0.0,7793.6,62136.4,paid
EMP0074,HR,5,2026,26,22,1,1,2,55000,6600.0,5500.0,1000,68100.0,7392.0,200,3928.85,11520.85,56579.15,paid
EMP0074,HR,6,2026,26,22,2,1,1,55000,6600.0,5500.0,1000,68100.0,7392.0,200,6548.08,14140.08,53959.92,paid
EMP0074,HR,7,2026,27,24,2,1,0,56000,6720.0,5600.0,1000,69320.0,7526.4,200,6418.52,14144.92,55175.08,generated
EMP0075,Support,8,2025,26,25,1,0,0,46500,5580.0,4650.0,1000,57730.0,6249.6,200,2220.38,8669.98,49060.02,paid
EMP0075,Support,9,2025,26,25,0,1,0,46500,5580.0,4650.0,1000,57730.0,6249.6,200,1110.19,7559.79,50170.21,paid
EMP0075,Support,10,2025,27,24,1,2,0,46500,5580.0,4650.0,1000,57730.0,6249.6,200,4276.3,10725.9,47004.1,paid
EMP0075,Support,11,2025,25,20,1,3,1,46500,5580.0,4650.0,1000,57730.0,6249.6,200,5773.0,12222.6,45507.4,paid
EMP0075,Support,12,2025,27,27,0,0,0,46500,5580.0,4650.0,1000,57730.0,6249.6,200,0.0,6449.6,51280.4,paid
EMP0075,Support,1,2026,27,26,1,0,0,46500,5580.0,4650.0,1000,57730.0,6249.6,200,2138.15,8587.75,49142.25,paid
EMP0075,Support,2,2026,24,22,2,0,0,46500,5580.0,4650.0,1000,57730.0,6249.6,200,4810.83,11260.43,46469.57,paid
EMP0075,Support,3,2026,26,25,0,0,1,46500,5580.0,4650.0,1000,57730.0,6249.6,200,0.0,6449.6,51280.4,paid
EMP0075,Support,4,2026,26,24,1,1,0,51500,6180.0,5150.0,1000,63830.0,6921.6,200,3682.5,10804.1,53025.9,paid
EMP0075,Support,5,2026,26,24,1,1,0,50000,6000.0,5000.0,1000,62000.0,6720.0,200,3576.92,10496.92,51503.08,paid
EMP0075,Support,6,2026,26,23,1,2,0,52000,6240.0,5200.0,1000,64440.0,6988.8,200,4956.92,12145.72,52294.28,paid
EMP0075,Support,7,2026,27,26,0,0,1,49500,5940.0,4950.0,1000,61390.0,6652.8,200,0.0,6852.8,54537.2,generated
EMP0076,Operations,8,2025,26,25,0,1,0,29000,3480.0,2900.0,2000,37380.0,3897.6,200,718.85,4816.45,32563.55,paid
EMP0076,Operations,9,2025,26,21,2,1,2,29000,3480.0,2900.0,2000,37380.0,3897.6,200,3594.23,7691.83,29688.17,paid
EMP0076,Operations,10,2025,27,24,1,2,0,29000,3480.0,2900.0,2000,37380.0,3897.6,200,2768.89,6866.49,30513.51,paid
EMP0076,Operations,11,2025,25,23,2,0,0,29000,3480.0,2900.0,2000,37380.0,3897.6,200,2990.4,7088.0,30292.0,paid
EMP0076,Operations,12,2025,27,24,2,1,0,29000,3480.0,2900.0,2000,37380.0,3897.6,200,3461.11,7558.71,29821.29,paid
EMP0076,Operations,1,2026,27,26,0,0,1,29000,3480.0,2900.0,2000,37380.0,3897.6,200,0.0,4097.6,33282.4,paid
EMP0076,Operations,2,2026,24,24,0,0,0,29000,3480.0,2900.0,2000,37380.0,3897.6,200,0.0,4097.6,33282.4,paid
EMP0076,Operations,3,2026,26,22,2,1,1,29000,3480.0,2900.0,2000,37380.0,3897.6,200,3594.23,7691.83,29688.17,paid
EMP0076,Operations,4,2026,26,24,1,1,0,31000,3720.0,3100.0,2000,39820.0,4166.4,200,2297.31,6663.71,33156.29,paid
EMP0076,Operations,5,2026,26,22,2,0,2,32000,3840.0,3200.0,2000,41040.0,4300.8,200,3156.92,7657.72,33382.28,paid
EMP0076,Operations,6,2026,26,22,3,1,0,32500,3900.0,3250.0,2000,41650.0,4368.0,200,5606.73,10174.73,31475.27,paid
EMP0076,Operations,7,2026,27,27,0,0,0,32500,3900.0,3250.0,2000,41650.0,4368.0,200,0.0,4568.0,37082.0,generated
EMP0077,Support,8,2025,26,25,1,0,0,39500,4740.0,3950.0,1000,49190.0,5308.8,200,1891.92,7400.72,41789.28,paid
EMP0077,Support,9,2025,26,21,2,2,1,39500,4740.0,3950.0,1000,49190.0,5308.8,200,5675.77,11184.57,38005.43,paid
EMP0077,Support,10,2025,27,25,1,0,1,39500,4740.0,3950.0,1000,49190.0,5308.8,200,1821.85,7330.65,41859.35,paid
EMP0077,Support,11,2025,25,24,0,1,0,39500,4740.0,3950.0,1000,49190.0,5308.8,200,983.8,6492.6,42697.4,paid
EMP0077,Support,12,2025,27,24,0,1,2,39500,4740.0,3950.0,1000,49190.0,5308.8,200,910.93,6419.73,42770.27,paid
EMP0077,Support,1,2026,27,26,0,0,1,39500,4740.0,3950.0,1000,49190.0,5308.8,200,0.0,5508.8,43681.2,paid
EMP0077,Support,2,2026,24,18,3,1,2,39500,4740.0,3950.0,1000,49190.0,5308.8,200,7173.54,12682.34,36507.66,paid
EMP0077,Support,3,2026,26,23,2,1,0,39500,4740.0,3950.0,1000,49190.0,5308.8,200,4729.81,10238.61,38951.39,paid
EMP0077,Support,4,2026,26,22,1,3,0,42500,5100.0,4250.0,1000,52850.0,5712.0,200,5081.73,10993.73,41856.27,paid
EMP0077,Support,5,2026,26,21,3,1,1,43000,5160.0,4300.0,1000,53460.0,5779.2,200,7196.54,13175.74,40284.26,paid
EMP0077,Support,6,2026,26,26,0,0,0,42000,5040.0,4200.0,1000,52240.0,5644.8,200,0.0,5844.8,46395.2,paid
EMP0077,Support,7,2026,27,26,0,1,0,42000,5040.0,4200.0,1000,52240.0,5644.8,200,967.41,6812.21,45427.79,generated
EMP0078,Engineering,8,2025,26,26,0,0,0,60500,7260.0,6050.0,2000,75810.0,8131.2,200,0.0,8331.2,67478.8,paid
EMP0078,Engineering,9,2025,26,23,1,2,0,60500,7260.0,6050.0,2000,75810.0,8131.2,200,5831.54,14162.74,61647.26,paid
EMP0078,Engineering,10,2025,27,27,0,0,0,60500,7260.0,6050.0,2000,75810.0,8131.2,200,0.0,8331.2,67478.8,paid
EMP0078,Engineering,11,2025,25,25,0,0,0,60500,7260.0,6050.0,2000,75810.0,8131.2,200,0.0,8331.2,67478.8,paid
EMP0078,Engineering,12,2025,27,25,0,1,1,60500,7260.0,6050.0,2000,75810.0,8131.2,200,1403.89,9735.09,66074.91,paid
EMP0078,Engineering,1,2026,27,24,2,1,0,60500,7260.0,6050.0,2000,75810.0,8131.2,200,7019.44,15350.64,60459.36,paid
EMP0078,Engineering,2,2026,24,24,0,0,0,60500,7260.0,6050.0,2000,75810.0,8131.2,200,0.0,8331.2,67478.8,paid
EMP0078,Engineering,3,2026,26,24,1,0,1,60500,7260.0,6050.0,2000,75810.0,8131.2,200,2915.77,11246.97,64563.03,paid
EMP0078,Engineering,4,2026,26,24,1,1,0,66000,7920.0,6600.0,2000,82520.0,8870.4,200,4760.77,13831.17,68688.83,paid
EMP0078,Engineering,5,2026,26,24,0,0,2,67000,8040.0,6700.0,2000,83740.0,9004.8,200,0.0,9204.8,74535.2,paid
EMP0078,Engineering,6,2026,26,24,1,0,1,68000,8160.0,6800.0,2000,84960.0,9139.2,200,3267.69,12606.89,72353.11,paid
EMP0078,Engineering,7,2026,27,24,1,1,1,69000,8280.0,6900.0,2000,86180.0,9273.6,200,4787.78,14261.38,71918.62,generated
EMP0079,Engineering,8,2025,26,23,0,1,2,56000,6720.0,5600.0,0,68320.0,7526.4,200,1313.85,9040.25,59279.75,paid
EMP0079,Engineering,9,2025,26,25,0,1,0,56000,6720.0,5600.0,0,68320.0,7526.4,200,1313.85,9040.25,59279.75,paid
EMP0079,Engineering,10,2025,27,27,0,0,0,56000,6720.0,5600.0,0,68320.0,7526.4,200,0.0,7726.4,60593.6,paid
EMP0079,Engineering,11,2025,25,23,1,0,1,56000,6720.0,5600.0,0,68320.0,7526.4,200,2732.8,10459.2,57860.8,paid
EMP0079,Engineering,12,2025,27,26,0,0,1,56000,6720.0,5600.0,0,68320.0,7526.4,200,0.0,7726.4,60593.6,paid
EMP0079,Engineering,1,2026,27,26,1,0,0,56000,6720.0,5600.0,0,68320.0,7526.4,200,2530.37,10256.77,58063.23,paid
EMP0079,Engineering,2,2026,24,21,1,0,2,56000,6720.0,5600.0,0,68320.0,7526.4,200,2846.67,10573.07,57746.93,paid
EMP0079,Engineering,3,2026,26,25,0,1,0,56000,6720.0,5600.0,0,68320.0,7526.4,200,1313.85,9040.25,59279.75,paid
EMP0079,Engineering,4,2026,26,26,0,0,0,62000,7440.0,6200.0,0,75640.0,8332.8,200,0.0,8532.8,67107.2,paid
EMP0079,Engineering,5,2026,26,23,0,1,2,63000,7560.0,6300.0,0,76860.0,8467.2,200,1478.08,10145.28,66714.72,paid
EMP0079,Engineering,6,2026,26,26,0,0,0,60000,7200.0,6000.0,0,73200.0,8064.0,200,0.0,8264.0,64936.0,paid
EMP0079,Engineering,7,2026,27,27,0,0,0,63000,7560.0,6300.0,0,76860.0,8467.2,200,0.0,8667.2,68192.8,generated
EMP0080,Engineering,8,2025,26,26,0,0,0,67500,8100.0,6750.0,0,82350.0,9072.0,200,0.0,9272.0,73078.0,paid
EMP0080,Engineering,9,2025,26,23,1,0,2,67500,8100.0,6750.0,0,82350.0,9072.0,200,3167.31,12439.31,69910.69,paid
EMP0080,Engineering,10,2025,27,24,1,1,1,67500,8100.0,6750.0,0,82350.0,9072.0,200,4575.0,13847.0,68503.0,paid
EMP0080,Engineering,11,2025,25,24,0,0,1,67500,8100.0,6750.0,0,82350.0,9072.0,200,0.0,9272.0,73078.0,paid
EMP0080,Engineering,12,2025,27,26,0,1,0,67500,8100.0,6750.0,0,82350.0,9072.0,200,1525.0,10797.0,71553.0,paid
EMP0080,Engineering,1,2026,27,25,0,0,2,67500,8100.0,6750.0,0,82350.0,9072.0,200,0.0,9272.0,73078.0,paid
EMP0080,Engineering,2,2026,24,23,0,1,0,67500,8100.0,6750.0,0,82350.0,9072.0,200,1715.63,10987.63,71362.37,paid
EMP0080,Engineering,3,2026,26,25,0,1,0,67500,8100.0,6750.0,0,82350.0,9072.0,200,1583.65,10855.65,71494.35,paid
EMP0080,Engineering,4,2026,26,23,1,2,0,73000,8760.0,7300.0,0,89060.0,9811.2,200,6850.77,16861.97,72198.03,paid
EMP0080,Engineering,5,2026,26,21,1,0,4,74000,8880.0,7400.0,0,90280.0,9945.6,200,3472.31,13617.91,76662.09,paid
EMP0080,Engineering,6,2026,26,25,1,0,0,71500,8580.0,7150.0,0,87230.0,9609.6,200,3355.0,13164.6,74065.4,paid
EMP0080,Engineering,7,2026,27,26,1,0,0,74000,8880.0,7400.0,0,90280.0,9945.6,200,3343.7,13489.3,76790.7,generated
EMP0081,Sales,8,2025,26,24,1,0,1,41000,4920.0,4100.0,1000,51020.0,5510.4,200,1962.31,7672.71,43347.29,paid
EMP0081,Sales,9,2025,26,26,0,0,0,41000,4920.0,4100.0,1000,51020.0,5510.4,200,0.0,5710.4,45309.6,paid
EMP0081,Sales,10,2025,27,23,1,2,1,41000,4920.0,4100.0,1000,51020.0,5510.4,200,3779.26,9489.66,41530.34,paid
EMP0081,Sales,11,2025,25,18,3,2,2,41000,4920.0,4100.0,1000,51020.0,5510.4,200,8163.2,13873.6,37146.4,paid
EMP0081,Sales,12,2025,27,23,2,0,2,41000,4920.0,4100.0,1000,51020.0,5510.4,200,3779.26,9489.66,41530.34,paid
EMP0081,Sales,1,2026,27,25,1,1,0,41000,4920.0,4100.0,1000,51020.0,5510.4,200,2834.44,8544.84,42475.16,paid
EMP0081,Sales,2,2026,24,21,2,1,0,41000,4920.0,4100.0,1000,51020.0,5510.4,200,5314.58,11024.98,39995.02,paid
EMP0081,Sales,3,2026,26,25,0,1,0,41000,4920.0,4100.0,1000,51020.0,5510.4,200,981.15,6691.55,44328.45,paid
EMP0081,Sales,4,2026,26,22,3,1,0,45500,5460.0,4550.0,1000,56510.0,6115.2,200,7607.12,13922.32,42587.68,paid
EMP0081,Sales,5,2026,26,24,1,1,0,44500,5340.0,4450.0,1000,55290.0,5980.8,200,3189.81,9370.61,45919.39,paid
EMP0081,Sales,6,2026,26,25,1,0,0,46000,5520.0,4600.0,1000,57120.0,6182.4,200,2196.92,8579.32,48540.68,paid
EMP0081,Sales,7,2026,27,27,0,0,0,46500,5580.0,4650.0,1000,57730.0,6249.6,200,0.0,6449.6,51280.4,generated
EMP0082,Support,8,2025,26,26,0,0,0,40000,4800.0,4000.0,0,48800.0,5376.0,200,0.0,5576.0,43224.0,paid
EMP0082,Support,9,2025,26,21,2,2,1,40000,4800.0,4000.0,0,48800.0,5376.0,200,5630.77,11206.77,37593.23,paid
EMP0082,Support,10,2025,27,23,2,1,1,40000,4800.0,4000.0,0,48800.0,5376.0,200,4518.52,10094.52,38705.48,paid
EMP0082,Support,11,2025,25,22,2,0,1,40000,4800.0,4000.0,0,48800.0,5376.0,200,3904.0,9480.0,39320.0,paid
EMP0082,Support,12,2025,27,23,1,3,0,40000,4800.0,4000.0,0,48800.0,5376.0,200,4518.52,10094.52,38705.48,paid
EMP0082,Support,1,2026,27,26,0,0,1,40000,4800.0,4000.0,0,48800.0,5376.0,200,0.0,5576.0,43224.0,paid
EMP0082,Support,2,2026,24,21,1,2,0,40000,4800.0,4000.0,0,48800.0,5376.0,200,4066.67,9642.67,39157.33,paid
EMP0082,Support,3,2026,26,23,1,2,0,40000,4800.0,4000.0,0,48800.0,5376.0,200,3753.85,9329.85,39470.15,paid
EMP0082,Support,4,2026,26,22,1,1,2,44000,5280.0,4400.0,0,53680.0,5913.6,200,3096.92,9210.52,44469.48,paid
EMP0082,Support,5,2026,26,22,1,1,2,43000,5160.0,4300.0,0,52460.0,5779.2,200,3026.54,9005.74,43454.26,paid
EMP0082,Support,6,2026,26,26,0,0,0,44500,5340.0,4450.0,0,54290.0,5980.8,200,0.0,6180.8,48109.2,paid
EMP0082,Support,7,2026,27,26,1,0,0,43500,5220.0,4350.0,0,53070.0,5846.4,200,1965.56,8011.96,45058.04,generated
EMP0083,Sales,8,2025,26,21,2,1,2,48500,5820.0,4850.0,0,59170.0,6518.4,200,5689.42,12407.82,46762.18,paid
EMP0083,Sales,9,2025,26,22,2,2,0,48500,5820.0,4850.0,0,59170.0,6518.4,200,6827.31,13545.71,45624.29,paid
EMP0083,Sales,10,2025,27,22,3,0,2,48500,5820.0,4850.0,0,59170.0,6518.4,200,6574.44,13292.84,45877.16,paid
EMP0083,Sales,11,2025,25,20,1,4,0,48500,5820.0,4850.0,0,59170.0,6518.4,200,7100.4,13818.8,45351.2,paid
EMP0083,Sales,12,2025,27,23,1,2,1,48500,5820.0,4850.0,0,59170.0,6518.4,200,4382.96,11101.36,48068.64,paid
EMP0083,Sales,1,2026,27,25,2,0,0,48500,5820.0,4850.0,0,59170.0,6518.4,200,4382.96,11101.36,48068.64,paid
EMP0083,Sales,2,2026,24,23,1,0,0,48500,5820.0,4850.0,0,59170.0,6518.4,200,2465.42,9183.82,49986.18,paid
EMP0083,Sales,3,2026,26,22,3,1,0,48500,5820.0,4850.0,0,59170.0,6518.4,200,7965.19,14683.59,44486.41,paid
EMP0083,Sales,4,2026,26,25,1,0,0,52000,6240.0,5200.0,0,63440.0,6988.8,200,2440.0,9628.8,53811.2,paid
EMP0083,Sales,5,2026,26,24,1,1,0,52500,6300.0,5250.0,0,64050.0,7056.0,200,3695.19,10951.19,53098.81,paid
EMP0083,Sales,6,2026,26,22,3,0,1,53000,6360.0,5300.0,0,64660.0,7123.2,200,7460.77,14783.97,49876.03,paid
EMP0083,Sales,7,2026,27,25,0,2,0,52500,6300.0,5250.0,0,64050.0,7056.0,200,2372.22,9628.22,54421.78,generated
EMP0084,Support,8,2025,26,21,1,3,1,30500,3660.0,3050.0,1500,38710.0,4099.2,200,3722.12,8021.32,30688.68,paid
EMP0084,Support,9,2025,26,24,1,1,0,30500,3660.0,3050.0,1500,38710.0,4099.2,200,2233.27,6532.47,32177.53,paid
EMP0084,Support,10,2025,27,24,1,2,0,30500,3660.0,3050.0,1500,38710.0,4099.2,200,2867.41,7166.61,31543.39,paid
EMP0084,Support,11,2025,25,24,0,1,0,30500,3660.0,3050.0,1500,38710.0,4099.2,200,774.2,5073.4,33636.6,paid
EMP0084,Support,12,2025,27,25,1,1,0,30500,3660.0,3050.0,1500,38710.0,4099.2,200,2150.56,6449.76,32260.24,paid
EMP0084,Support,1,2026,27,26,0,1,0,30500,3660.0,3050.0,1500,38710.0,4099.2,200,716.85,5016.05,33693.95,paid
EMP0084,Support,2,2026,24,24,0,0,0,30500,3660.0,3050.0,1500,38710.0,4099.2,200,0.0,4299.2,34410.8,paid
EMP0084,Support,3,2026,26,25,0,1,0,30500,3660.0,3050.0,1500,38710.0,4099.2,200,744.42,5043.62,33666.38,paid
EMP0084,Support,4,2026,26,25,0,1,0,33000,3960.0,3300.0,1500,41760.0,4435.2,200,803.08,5438.28,36321.72,paid
EMP0084,Support,5,2026,26,25,1,0,0,33500,4020.0,3350.0,1500,42370.0,4502.4,200,1629.62,6332.02,36037.98,paid
EMP0084,Support,6,2026,26,25,0,0,1,34000,4080.0,3400.0,1500,42980.0,4569.6,200,0.0,4769.6,38210.4,paid
EMP0084,Support,7,2026,27,23,3,0,1,34500,4140.0,3450.0,1500,43590.0,4636.8,200,4843.33,9680.13,33909.87,generated
EMP0085,Support,9,2025,26,23,1,1,1,33000,3960.0,3300.0,2500,42760.0,4435.2,200,2466.92,7102.12,35657.88,paid
EMP0085,Support,10,2025,27,25,1,1,0,33000,3960.0,3300.0,2500,42760.0,4435.2,200,2375.56,7010.76,35749.24,paid
EMP0085,Support,11,2025,25,22,1,2,0,33000,3960.0,3300.0,2500,42760.0,4435.2,200,3420.8,8056.0,34704.0,paid
EMP0085,Support,12,2025,27,26,1,0,0,33000,3960.0,3300.0,2500,42760.0,4435.2,200,1583.7,6218.9,36541.1,paid
EMP0085,Support,1,2026,27,24,3,0,0,33000,3960.0,3300.0,2500,42760.0,4435.2,200,4751.11,9386.31,33373.69,paid
EMP0085,Support,2,2026,24,24,0,0,0,33000,3960.0,3300.0,2500,42760.0,4435.2,200,0.0,4635.2,38124.8,paid
EMP0085,Support,3,2026,26,26,0,0,0,33000,3960.0,3300.0,2500,42760.0,4435.2,200,0.0,4635.2,38124.8,paid
EMP0085,Support,4,2026,26,23,1,1,1,33000,3960.0,3300.0,2500,42760.0,4435.2,200,2466.92,7102.12,35657.88,paid
EMP0085,Support,5,2026,26,25,1,0,0,33000,3960.0,3300.0,2500,42760.0,4435.2,200,1644.62,6279.82,36480.18,paid
EMP0085,Support,6,2026,26,24,1,0,1,33000,3960.0,3300.0,2500,42760.0,4435.2,200,1644.62,6279.82,36480.18,paid
EMP0085,Support,7,2026,27,24,3,0,0,33000,3960.0,3300.0,2500,42760.0,4435.2,200,4751.11,9386.31,33373.69,generated
EMP0086,Finance,8,2025,26,24,1,0,1,39000,4680.0,3900.0,1500,49080.0,5241.6,200,1887.69,7329.29,41750.71,paid
EMP0086,Finance,9,2025,26,25,0,0,1,39000,4680.0,3900.0,1500,49080.0,5241.6,200,0.0,5441.6,43638.4,paid
EMP0086,Finance,10,2025,27,25,2,0,0,39000,4680.0,3900.0,1500,49080.0,5241.6,200,3635.56,9077.16,40002.84,paid
EMP0086,Finance,11,2025,25,25,0,0,0,39000,4680.0,3900.0,1500,49080.0,5241.6,200,0.0,5441.6,43638.4,paid
EMP0086,Finance,12,2025,27,24,1,1,1,39000,4680.0,3900.0,1500,49080.0,5241.6,200,2726.67,8168.27,40911.73,paid
EMP0086,Finance,1,2026,27,25,1,1,0,39000,4680.0,3900.0,1500,49080.0,5241.6,200,2726.67,8168.27,40911.73,paid
EMP0086,Finance,2,2026,24,22,1,1,0,39000,4680.0,3900.0,1500,49080.0,5241.6,200,3067.5,8509.1,40570.9,paid
EMP0086,Finance,3,2026,26,25,0,1,0,39000,4680.0,3900.0,1500,49080.0,5241.6,200,943.85,6385.45,42694.55,paid
EMP0086,Finance,4,2026,26,24,1,1,0,44000,5280.0,4400.0,1500,55180.0,5913.6,200,3183.46,9297.06,45882.94,paid
EMP0086,Finance,5,2026,26,26,0,0,0,42000,5040.0,4200.0,1500,52740.0,5644.8,200,0.0,5844.8,46895.2,paid
EMP0086,Finance,6,2026,26,24,0,2,0,44000,5280.0,4400.0,1500,55180.0,5913.6,200,2122.31,8235.91,46944.09,paid
EMP0086,Finance,7,2026,27,25,2,0,0,43500,5220.0,4350.0,1500,54570.0,5846.4,200,4042.22,10088.62,44481.38,generated
EMP0087,Support,8,2025,26,26,0,0,0,30500,3660.0,3050.0,0,37210.0,4099.2,200,0.0,4299.2,32910.8,paid
EMP0087,Support,9,2025,26,26,0,0,0,30500,3660.0,3050.0,0,37210.0,4099.2,200,0.0,4299.2,32910.8,paid
EMP0087,Support,10,2025,27,26,0,0,1,30500,3660.0,3050.0,0,37210.0,4099.2,200,0.0,4299.2,32910.8,paid
EMP0087,Support,11,2025,25,23,1,1,0,30500,3660.0,3050.0,0,37210.0,4099.2,200,2232.6,6531.8,30678.2,paid
EMP0087,Support,12,2025,27,24,1,1,1,30500,3660.0,3050.0,0,37210.0,4099.2,200,2067.22,6366.42,30843.58,paid
EMP0087,Support,1,2026,27,26,0,0,1,30500,3660.0,3050.0,0,37210.0,4099.2,200,0.0,4299.2,32910.8,paid
EMP0087,Support,2,2026,24,23,0,1,0,30500,3660.0,3050.0,0,37210.0,4099.2,200,775.21,5074.41,32135.59,paid
EMP0087,Support,3,2026,26,21,4,1,0,30500,3660.0,3050.0,0,37210.0,4099.2,200,6440.19,10739.39,26470.61,paid
EMP0087,Support,4,2026,26,24,1,1,0,33000,3960.0,3300.0,0,40260.0,4435.2,200,2322.69,6957.89,33302.11,paid
EMP0087,Support,5,2026,26,25,0,0,1,33000,3960.0,3300.0,0,40260.0,4435.2,200,0.0,4635.2,35624.8,paid
EMP0087,Support,6,2026,26,23,2,0,1,33000,3960.0,3300.0,0,40260.0,4435.2,200,3096.92,7732.12,32527.88,paid
EMP0087,Support,7,2026,27,25,0,2,0,33500,4020.0,3350.0,0,40870.0,4502.4,200,1513.7,6216.1,34653.9,generated
EMP0088,Engineering,8,2025,26,25,1,0,0,62000,7440.0,6200.0,1000,76640.0,8332.8,200,2947.69,11480.49,65159.51,paid
EMP0088,Engineering,9,2025,26,24,1,0,1,62000,7440.0,6200.0,1000,76640.0,8332.8,200,2947.69,11480.49,65159.51,paid
EMP0088,Engineering,10,2025,27,26,1,0,0,62000,7440.0,6200.0,1000,76640.0,8332.8,200,2838.52,11371.32,65268.68,paid
EMP0088,Engineering,11,2025,25,24,0,1,0,62000,7440.0,6200.0,1000,76640.0,8332.8,200,1532.8,10065.6,66574.4,paid
EMP0088,Engineering,12,2025,27,27,0,0,0,62000,7440.0,6200.0,1000,76640.0,8332.8,200,0.0,8532.8,68107.2,paid
EMP0088,Engineering,1,2026,27,25,0,2,0,62000,7440.0,6200.0,1000,76640.0,8332.8,200,2838.52,11371.32,65268.68,paid
EMP0088,Engineering,2,2026,24,22,1,0,1,62000,7440.0,6200.0,1000,76640.0,8332.8,200,3193.33,11726.13,64913.87,paid
EMP0088,Engineering,3,2026,26,26,0,0,0,62000,7440.0,6200.0,1000,76640.0,8332.8,200,0.0,8532.8,68107.2,paid
EMP0088,Engineering,4,2026,26,24,0,0,2,70000,8400.0,7000.0,1000,86400.0,9408.0,200,0.0,9608.0,76792.0,paid
EMP0088,Engineering,5,2026,26,25,0,1,0,68000,8160.0,6800.0,1000,83960.0,9139.2,200,1614.62,10953.82,73006.18,paid
EMP0088,Engineering,6,2026,26,25,1,0,0,66000,7920.0,6600.0,1000,81520.0,8870.4,200,3135.38,12205.78,69314.22,paid
EMP0088,Engineering,7,2026,27,27,0,0,0,69500,8340.0,6950.0,1000,85790.0,9340.8,200,0.0,9540.8,76249.2,generated
EMP0089,Finance,10,2025,27,25,1,0,1,51000,6120.0,5100.0,0,62220.0,6854.4,200,2304.44,9358.84,52861.16,paid
EMP0089,Finance,11,2025,25,23,1,0,1,51000,6120.0,5100.0,0,62220.0,6854.4,200,2488.8,9543.2,52676.8,paid
EMP0089,Finance,12,2025,27,26,1,0,0,51000,6120.0,5100.0,0,62220.0,6854.4,200,2304.44,9358.84,52861.16,paid
EMP0089,Finance,1,2026,27,24,2,0,1,51000,6120.0,5100.0,0,62220.0,6854.4,200,4608.89,11663.29,50556.71,paid
EMP0089,Finance,2,2026,24,24,0,0,0,51000,6120.0,5100.0,0,62220.0,6854.4,200,0.0,7054.4,55165.6,paid
EMP0089,Finance,3,2026,26,26,0,0,0,51000,6120.0,5100.0,0,62220.0,6854.4,200,0.0,7054.4,55165.6,paid
EMP0089,Finance,4,2026,26,25,0,1,0,51000,6120.0,5100.0,0,62220.0,6854.4,200,1196.54,8250.94,53969.06,paid
EMP0089,Finance,5,2026,26,24,0,1,1,51000,6120.0,5100.0,0,62220.0,6854.4,200,1196.54,8250.94,53969.06,paid
EMP0089,Finance,6,2026,26,26,0,0,0,51000,6120.0,5100.0,0,62220.0,6854.4,200,0.0,7054.4,55165.6,paid
EMP0089,Finance,7,2026,27,27,0,0,0,51000,6120.0,5100.0,0,62220.0,6854.4,200,0.0,7054.4,55165.6,generated
EMP0090,Sales,8,2025,26,23,0,2,1,34500,4140.0,3450.0,2000,44090.0,4636.8,200,1695.77,6532.57,37557.43,paid
EMP0090,Sales,9,2025,26,25,0,0,1,34500,4140.0,3450.0,2000,44090.0,4636.8,200,0.0,4836.8,39253.2,paid
EMP0090,Sales,10,2025,27,22,2,2,1,34500,4140.0,3450.0,2000,44090.0,4636.8,200,4898.89,9735.69,34354.31,paid
EMP0090,Sales,11,2025,25,23,1,0,1,34500,4140.0,3450.0,2000,44090.0,4636.8,200,1763.6,6600.4,37489.6,paid
EMP0090,Sales,12,2025,27,26,1,0,0,34500,4140.0,3450.0,2000,44090.0,4636.8,200,1632.96,6469.76,37620.24,paid
EMP0090,Sales,1,2026,27,23,1,1,2,34500,4140.0,3450.0,2000,44090.0,4636.8,200,2449.44,7286.24,36803.76,paid
EMP0090,Sales,2,2026,24,24,0,0,0,34500,4140.0,3450.0,2000,44090.0,4636.8,200,0.0,4836.8,39253.2,paid
EMP0090,Sales,3,2026,26,26,0,0,0,34500,4140.0,3450.0,2000,44090.0,4636.8,200,0.0,4836.8,39253.2,paid
EMP0090,Sales,4,2026,26,25,0,1,0,38500,4620.0,3850.0,2000,48970.0,5174.4,200,941.73,6316.13,42653.87,paid
EMP0090,Sales,5,2026,26,25,0,1,0,38000,4560.0,3800.0,2000,48360.0,5107.2,200,930.0,6237.2,42122.8,paid
EMP0090,Sales,6,2026,26,24,0,2,0,38000,4560.0,3800.0,2000,48360.0,5107.2,200,1860.0,7167.2,41192.8,paid
EMP0090,Sales,7,2026,27,27,0,0,0,38500,4620.0,3850.0,2000,48970.0,5174.4,200,0.0,5374.4,43595.6,generated
EMP0091,Finance,8,2025,26,24,1,0,1,36000,4320.0,3600.0,0,43920.0,4838.4,200,1689.23,6727.63,37192.37,paid
EMP0091,Finance,9,2025,26,26,0,0,0,36000,4320.0,3600.0,0,43920.0,4838.4,200,0.0,5038.4,38881.6,paid
EMP0091,Finance,10,2025,27,26,1,0,0,36000,4320.0,3600.0,0,43920.0,4838.4,200,1626.67,6665.07,37254.93,paid
EMP0091,Finance,11,2025,25,24,0,0,1,36000,4320.0,3600.0,0,43920.0,4838.4,200,0.0,5038.4,38881.6,paid
EMP0091,Finance,12,2025,27,26,0,0,1,36000,4320.0,3600.0,0,43920.0,4838.4,200,0.0,5038.4,38881.6,paid
EMP0091,Finance,1,2026,27,26,0,0,1,36000,4320.0,3600.0,0,43920.0,4838.4,200,0.0,5038.4,38881.6,paid
EMP0091,Finance,2,2026,24,23,0,1,0,36000,4320.0,3600.0,0,43920.0,4838.4,200,915.0,5953.4,37966.6,paid
EMP0091,Finance,3,2026,26,26,0,0,0,36000,4320.0,3600.0,0,43920.0,4838.4,200,0.0,5038.4,38881.6,paid
EMP0091,Finance,4,2026,26,24,1,1,0,38000,4560.0,3800.0,0,46360.0,5107.2,200,2674.62,7981.82,38378.18,paid
EMP0091,Finance,5,2026,26,24,1,1,0,40000,4800.0,4000.0,0,48800.0,5376.0,200,2815.38,8391.38,40408.62,paid
EMP0091,Finance,6,2026,26,25,0,0,1,41000,4920.0,4100.0,0,50020.0,5510.4,200,0.0,5710.4,44309.6,paid
EMP0091,Finance,7,2026,27,25,0,1,1,40500,4860.0,4050.0,0,49410.0,5443.2,200,915.0,6558.2,42851.8,generated
EMP0092,Marketing,8,2025,26,26,0,0,0,32000,3840.0,3200.0,0,39040.0,4300.8,200,0.0,4500.8,34539.2,paid
EMP0092,Marketing,9,2025,26,26,0,0,0,32000,3840.0,3200.0,0,39040.0,4300.8,200,0.0,4500.8,34539.2,paid
EMP0092,Marketing,10,2025,27,23,1,3,0,32000,3840.0,3200.0,0,39040.0,4300.8,200,3614.81,8115.61,30924.39,paid
EMP0092,Marketing,11,2025,25,23,1,1,0,32000,3840.0,3200.0,0,39040.0,4300.8,200,2342.4,6843.2,32196.8,paid
EMP0092,Marketing,12,2025,27,23,2,1,1,32000,3840.0,3200.0,0,39040.0,4300.8,200,3614.81,8115.61,30924.39,paid
EMP0092,Marketing,1,2026,27,26,1,0,0,32000,3840.0,3200.0,0,39040.0,4300.8,200,1445.93,5946.73,33093.27,paid
EMP0092,Marketing,2,2026,24,23,0,1,0,32000,3840.0,3200.0,0,39040.0,4300.8,200,813.33,5314.13,33725.87,paid
EMP0092,Marketing,3,2026,26,25,0,0,1,32000,3840.0,3200.0,0,39040.0,4300.8,200,0.0,4500.8,34539.2,paid
EMP0092,Marketing,4,2026,26,23,0,1,2,32000,3840.0,3200.0,0,39040.0,4300.8,200,750.77,5251.57,33788.43,paid
EMP0092,Marketing,5,2026,26,21,2,2,1,32000,3840.0,3200.0,0,39040.0,4300.8,200,4504.62,9005.42,30034.58,paid
EMP0092,Marketing,6,2026,26,23,2,0,1,32000,3840.0,3200.0,0,39040.0,4300.8,200,3003.08,7503.88,31536.12,paid
EMP0092,Marketing,7,2026,27,26,1,0,0,32000,3840.0,3200.0,0,39040.0,4300.8,200,1445.93,5946.73,33093.27,generated
EMP0093,HR,8,2025,26,24,1,1,0,51000,6120.0,5100.0,0,62220.0,6854.4,200,3589.62,10644.02,51575.98,paid
EMP0093,HR,9,2025,26,26,0,0,0,51000,6120.0,5100.0,0,62220.0,6854.4,200,0.0,7054.4,55165.6,paid
EMP0093,HR,10,2025,27,27,0,0,0,51000,6120.0,5100.0,0,62220.0,6854.4,200,0.0,7054.4,55165.6,paid
EMP0093,HR,11,2025,25,24,1,0,0,51000,6120.0,5100.0,0,62220.0,6854.4,200,2488.8,9543.2,52676.8,paid
EMP0093,HR,12,2025,27,26,0,1,0,51000,6120.0,5100.0,0,62220.0,6854.4,200,1152.22,8206.62,54013.38,paid
EMP0093,HR,1,2026,27,27,0,0,0,51000,6120.0,5100.0,0,62220.0,6854.4,200,0.0,7054.4,55165.6,paid
EMP0093,HR,2,2026,24,23,0,0,1,51000,6120.0,5100.0,0,62220.0,6854.4,200,0.0,7054.4,55165.6,paid
EMP0093,HR,3,2026,26,26,0,0,0,51000,6120.0,5100.0,0,62220.0,6854.4,200,0.0,7054.4,55165.6,paid
EMP0093,HR,4,2026,26,25,0,1,0,55000,6600.0,5500.0,0,67100.0,7392.0,200,1290.38,8882.38,58217.62,paid
EMP0093,HR,5,2026,26,25,0,1,0,58000,6960.0,5800.0,0,70760.0,7795.2,200,1360.77,9355.97,61404.03,paid
EMP0093,HR,6,2026,26,25,0,0,1,55000,6600.0,5500.0,0,67100.0,7392.0,200,0.0,7592.0,59508.0,paid
EMP0093,HR,7,2026,27,26,0,0,1,56500,6780.0,5650.0,0,68930.0,7593.6,200,0.0,7793.6,61136.4,generated
EMP0094,Support,8,2025,26,23,2,1,0,26500,3180.0,2650.0,2500,34830.0,3561.6,200,3349.04,7110.64,27719.36,paid
EMP0094,Support,9,2025,26,23,1,0,2,26500,3180.0,2650.0,2500,34830.0,3561.6,200,1339.62,5101.22,29728.78,paid
EMP0094,Support,10,2025,27,25,1,1,0,26500,3180.0,2650.0,2500,34830.0,3561.6,200,1935.0,5696.6,29133.4,paid
EMP0094,Support,11,2025,25,21,2,0,2,26500,3180.0,2650.0,2500,34830.0,3561.6,200,2786.4,6548.0,28282.0,paid
EMP0094,Support,12,2025,27,25,1,0,1,26500,3180.0,2650.0,2500,34830.0,3561.6,200,1290.0,5051.6,29778.4,paid
EMP0094,Support,1,2026,27,23,1,1,2,26500,3180.0,2650.0,2500,34830.0,3561.6,200,1935.0,5696.6,29133.4,paid
EMP0094,Support,2,2026,24,22,0,0,2,26500,3180.0,2650.0,2500,34830.0,3561.6,200,0.0,3761.6,31068.4,paid
EMP0094,Support,3,2026,26,23,2,1,0,26500,3180.0,2650.0,2500,34830.0,3561.6,200,3349.04,7110.64,27719.36,paid
EMP0094,Support,4,2026,26,24,1,1,0,29500,3540.0,2950.0,2500,38490.0,3964.8,200,2220.58,6385.38,32104.62,paid
EMP0094,Support,5,2026,26,21,2,2,1,28000,3360.0,2800.0,2500,36660.0,3763.2,200,4230.0,8193.2,28466.8,paid
EMP0094,Support,6,2026,26,20,1,3,2,28500,3420.0,2850.0,2500,37270.0,3830.4,200,3583.65,7614.05,29655.95,paid
EMP0094,Support,7,2026,27,25,1,1,0,29000,3480.0,2900.0,2500,37880.0,3897.6,200,2104.44,6202.04,31677.96,generated
EMP0095,Sales,5,2026,26,26,0,0,0,35500,4260.0,3550.0,1000,44310.0,4771.2,200,0.0,4971.2,39338.8,paid
EMP0095,Sales,6,2026,26,24,2,0,0,35500,4260.0,3550.0,1000,44310.0,4771.2,200,3408.46,8379.66,35930.34,paid
EMP0095,Sales,7,2026,27,26,1,0,0,35500,4260.0,3550.0,1000,44310.0,4771.2,200,1641.11,6612.31,37697.69,generated
EMP0096,Support,8,2025,26,25,0,0,1,27500,3300.0,2750.0,0,33550.0,3696.0,200,0.0,3896.0,29654.0,paid
EMP0096,Support,9,2025,26,25,1,0,0,27500,3300.0,2750.0,0,33550.0,3696.0,200,1290.38,5186.38,28363.62,paid
EMP0096,Support,10,2025,27,23,3,1,0,27500,3300.0,2750.0,0,33550.0,3696.0,200,4349.07,8245.07,25304.93,paid
EMP0096,Support,11,2025,25,22,1,2,0,27500,3300.0,2750.0,0,33550.0,3696.0,200,2684.0,6580.0,26970.0,paid
EMP0096,Support,12,2025,27,25,2,0,0,27500,3300.0,2750.0,0,33550.0,3696.0,200,2485.19,6381.19,27168.81,paid
EMP0096,Support,1,2026,27,25,2,0,0,27500,3300.0,2750.0,0,33550.0,3696.0,200,2485.19,6381.19,27168.81,paid
EMP0096,Support,2,2026,24,21,1,1,1,27500,3300.0,2750.0,0,33550.0,3696.0,200,2096.88,5992.88,27557.12,paid
EMP0096,Support,3,2026,26,24,1,1,0,27500,3300.0,2750.0,0,33550.0,3696.0,200,1935.58,5831.58,27718.42,paid
EMP0096,Support,4,2026,26,24,1,1,0,29500,3540.0,2950.0,0,35990.0,3964.8,200,2076.35,6241.15,29748.85,paid
EMP0096,Support,5,2026,26,20,2,1,3,30000,3600.0,3000.0,0,36600.0,4032.0,200,3519.23,7751.23,28848.77,paid
EMP0096,Support,6,2026,26,25,0,1,0,30500,3660.0,3050.0,0,37210.0,4099.2,200,715.58,5014.78,32195.22,paid
EMP0096,Support,7,2026,27,22,3,1,1,30500,3660.0,3050.0,0,37210.0,4099.2,200,4823.52,9122.72,28087.28,generated
EMP0097,Sales,12,2025,27,25,2,0,0,41500,4980.0,4150.0,1000,51630.0,5577.6,200,3824.44,9602.04,42027.96,paid
EMP0097,Sales,1,2026,27,26,1,0,0,41500,4980.0,4150.0,1000,51630.0,5577.6,200,1912.22,7689.82,43940.18,paid
EMP0097,Sales,2,2026,24,23,1,0,0,41500,4980.0,4150.0,1000,51630.0,5577.6,200,2151.25,7928.85,43701.15,paid
EMP0097,Sales,3,2026,26,25,0,0,1,41500,4980.0,4150.0,1000,51630.0,5577.6,200,0.0,5777.6,45852.4,paid
EMP0097,Sales,4,2026,26,24,1,1,0,41500,4980.0,4150.0,1000,51630.0,5577.6,200,2978.65,8756.25,42873.75,paid
EMP0097,Sales,5,2026,26,25,1,0,0,41500,4980.0,4150.0,1000,51630.0,5577.6,200,1985.77,7763.37,43866.63,paid
EMP0097,Sales,6,2026,26,25,1,0,0,41500,4980.0,4150.0,1000,51630.0,5577.6,200,1985.77,7763.37,43866.63,paid
EMP0097,Sales,7,2026,27,26,0,1,0,41500,4980.0,4150.0,1000,51630.0,5577.6,200,956.11,6733.71,44896.29,generated
EMP0098,Sales,9,2025,26,25,0,0,1,38500,4620.0,3850.0,1000,47970.0,5174.4,200,0.0,5374.4,42595.6,paid
EMP0098,Sales,10,2025,27,24,2,0,1,38500,4620.0,3850.0,1000,47970.0,5174.4,200,3553.33,8927.73,39042.27,paid
EMP0098,Sales,11,2025,25,23,0,2,0,38500,4620.0,3850.0,1000,47970.0,5174.4,200,1918.8,7293.2,40676.8,paid
EMP0098,Sales,12,2025,27,25,1,1,0,38500,4620.0,3850.0,1000,47970.0,5174.4,200,2665.0,8039.4,39930.6,paid
EMP0098,Sales,1,2026,27,26,1,0,0,38500,4620.0,3850.0,1000,47970.0,5174.4,200,1776.67,7151.07,40818.93,paid
EMP0098,Sales,2,2026,24,21,3,0,0,38500,4620.0,3850.0,1000,47970.0,5174.4,200,5996.25,11370.65,36599.35,paid
EMP0098,Sales,3,2026,26,25,0,0,1,38500,4620.0,3850.0,1000,47970.0,5174.4,200,0.0,5374.4,42595.6,paid
EMP0098,Sales,4,2026,26,24,1,1,0,38500,4620.0,3850.0,1000,47970.0,5174.4,200,2767.5,8141.9,39828.1,paid
EMP0098,Sales,5,2026,26,21,4,1,0,38500,4620.0,3850.0,1000,47970.0,5174.4,200,8302.5,13676.9,34293.1,paid
EMP0098,Sales,6,2026,26,24,0,1,1,38500,4620.0,3850.0,1000,47970.0,5174.4,200,922.5,6296.9,41673.1,paid
EMP0098,Sales,7,2026,27,26,1,0,0,38500,4620.0,3850.0,1000,47970.0,5174.4,200,1776.67,7151.07,40818.93,generated
EMP0099,Operations,8,2025,26,26,0,0,0,37500,4500.0,3750.0,0,45750.0,5040.0,200,0.0,5240.0,40510.0,paid
EMP0099,Operations,9,2025,26,25,1,0,0,37500,4500.0,3750.0,0,45750.0,5040.0,200,1759.62,6999.62,38750.38,paid
EMP0099,Operations,10,2025,27,26,1,0,0,37500,4500.0,3750.0,0,45750.0,5040.0,200,1694.44,6934.44,38815.56,paid
EMP0099,Operations,11,2025,25,23,1,0,1,37500,4500.0,3750.0,0,45750.0,5040.0,200,1830.0,7070.0,38680.0,paid
EMP0099,Operations,12,2025,27,25,1,0,1,37500,4500.0,3750.0,0,45750.0,5040.0,200,1694.44,6934.44,38815.56,paid
EMP0099,Operations,1,2026,27,25,1,0,1,37500,4500.0,3750.0,0,45750.0,5040.0,200,1694.44,6934.44,38815.56,paid
EMP0099,Operations,2,2026,24,21,1,0,2,37500,4500.0,3750.0,0,45750.0,5040.0,200,1906.25,7146.25,38603.75,paid
EMP0099,Operations,3,2026,26,21,4,1,0,37500,4500.0,3750.0,0,45750.0,5040.0,200,7918.27,13158.27,32591.73,paid
EMP0099,Operations,4,2026,26,24,1,1,0,42500,5100.0,4250.0,0,51850.0,5712.0,200,2991.35,8903.35,42946.65,paid
EMP0099,Operations,5,2026,26,26,0,0,0,42500,5100.0,4250.0,0,51850.0,5712.0,200,0.0,5912.0,45938.0,paid
EMP0099,Operations,6,2026,26,25,0,0,1,42500,5100.0,4250.0,0,51850.0,5712.0,200,0.0,5912.0,45938.0,paid
EMP0099,Operations,7,2026,27,26,1,0,0,41000,4920.0,4100.0,0,50020.0,5510.4,200,1852.59,7562.99,42457.01,generated
EMP0100,Marketing,8,2025,26,23,2,1,0,51500,6180.0,5150.0,1500,64330.0,6921.6,200,6185.58,13307.18,51022.82,paid
EMP0100,Marketing,9,2025,26,26,0,0,0,51500,6180.0,5150.0,1500,64330.0,6921.6,200,0.0,7121.6,57208.4,paid
EMP0100,Marketing,10,2025,27,26,1,0,0,51500,6180.0,5150.0,1500,64330.0,6921.6,200,2382.59,9504.19,54825.81,paid
EMP0100,Marketing,11,2025,25,24,0,1,0,51500,6180.0,5150.0,1500,64330.0,6921.6,200,1286.6,8408.2,55921.8,paid
EMP0100,Marketing,12,2025,27,24,1,1,1,51500,6180.0,5150.0,1500,64330.0,6921.6,200,3573.89,10695.49,53634.51,paid
EMP0100,Marketing,1,2026,27,26,0,1,0,51500,6180.0,5150.0,1500,64330.0,6921.6,200,1191.3,8312.9,56017.1,paid
EMP0100,Marketing,2,2026,24,23,0,1,0,51500,6180.0,5150.0,1500,64330.0,6921.6,200,1340.21,8461.81,55868.19,paid
EMP0100,Marketing,3,2026,26,23,1,1,1,51500,6180.0,5150.0,1500,64330.0,6921.6,200,3711.35,10832.95,53497.05,paid
EMP0100,Marketing,4,2026,26,26,0,0,0,55000,6600.0,5500.0,1500,68600.0,7392.0,200,0.0,7592.0,61008.0,paid
EMP0100,Marketing,5,2026,26,23,0,3,0,57500,6900.0,5750.0,1500,71650.0,7728.0,200,4133.65,12061.65,59588.35,paid
EMP0100,Marketing,6,2026,26,25,1,0,0,58500,7020.0,5850.0,1500,72870.0,7862.4,200,2802.69,10865.09,62004.91,paid
EMP0100,Marketing,7,2026,27,27,0,0,0,58000,6960.0,5800.0,1500,72260.0,7795.2,200,0.0,7995.2,64264.8,generated
EMP0101,HR,8,2025,26,23,2,0,1,48500,5820.0,4850.0,1500,60670.0,6518.4,200,4666.92,11385.32,49284.68,paid
EMP0101,HR,9,2025,26,25,0,0,1,48500,5820.0,4850.0,1500,60670.0,6518.4,200,0.0,6718.4,53951.6,paid
EMP0101,HR,10,2025,27,24,0,2,1,48500,5820.0,4850.0,1500,60670.0,6518.4,200,2247.04,8965.44,51704.56,paid
EMP0101,HR,11,2025,25,25,0,0,0,48500,5820.0,4850.0,1500,60670.0,6518.4,200,0.0,6718.4,53951.6,paid
EMP0101,HR,12,2025,27,25,1,1,0,48500,5820.0,4850.0,1500,60670.0,6518.4,200,3370.56,10088.96,50581.04,paid
EMP0101,HR,1,2026,27,27,0,0,0,48500,5820.0,4850.0,1500,60670.0,6518.4,200,0.0,6718.4,53951.6,paid
EMP0101,HR,2,2026,24,24,0,0,0,48500,5820.0,4850.0,1500,60670.0,6518.4,200,0.0,6718.4,53951.6,paid
EMP0101,HR,3,2026,26,25,1,0,0,48500,5820.0,4850.0,1500,60670.0,6518.4,200,2333.46,9051.86,51618.14,paid
EMP0101,HR,4,2026,26,26,0,0,0,54000,6480.0,5400.0,1500,67380.0,7257.6,200,0.0,7457.6,59922.4,paid
EMP0101,HR,5,2026,26,24,1,1,0,54500,6540.0,5450.0,1500,67990.0,7324.8,200,3922.5,11447.3,56542.7,paid
EMP0101,HR,6,2026,26,24,1,1,0,53000,6360.0,5300.0,1500,66160.0,7123.2,200,3816.92,11140.12,55019.88,paid
EMP0101,HR,7,2026,27,25,1,1,0,53500,6420.0,5350.0,1500,66770.0,7190.4,200,3709.44,11099.84,55670.16,generated
EMP0102,Support,12,2025,27,26,1,0,0,32000,3840.0,3200.0,0,39040.0,4300.8,200,1445.93,5946.73,33093.27,paid
EMP0102,Support,1,2026,27,23,1,1,2,32000,3840.0,3200.0,0,39040.0,4300.8,200,2168.89,6669.69,32370.31,paid
EMP0102,Support,2,2026,24,23,0,0,1,32000,3840.0,3200.0,0,39040.0,4300.8,200,0.0,4500.8,34539.2,paid
EMP0102,Support,3,2026,26,23,0,2,1,32000,3840.0,3200.0,0,39040.0,4300.8,200,1501.54,6002.34,33037.66,paid
EMP0102,Support,4,2026,26,23,1,0,2,32000,3840.0,3200.0,0,39040.0,4300.8,200,1501.54,6002.34,33037.66,paid
EMP0102,Support,5,2026,26,23,2,1,0,32000,3840.0,3200.0,0,39040.0,4300.8,200,3753.85,8254.65,30785.35,paid
EMP0102,Support,6,2026,26,25,1,0,0,32000,3840.0,3200.0,0,39040.0,4300.8,200,1501.54,6002.34,33037.66,paid
EMP0102,Support,7,2026,27,25,1,0,1,32000,3840.0,3200.0,0,39040.0,4300.8,200,1445.93,5946.73,33093.27,generated
EMP0103,Engineering,8,2025,26,25,0,1,0,61000,7320.0,6100.0,1000,75420.0,8198.4,200,1450.38,9848.78,65571.22,paid
EMP0103,Engineering,9,2025,26,25,0,1,0,61000,7320.0,6100.0,1000,75420.0,8198.4,200,1450.38,9848.78,65571.22,paid
EMP0104,Engineering,8,2025,26,25,0,1,0,53500,6420.0,5350.0,0,65270.0,7190.4,200,1255.19,8645.59,56624.41,paid
EMP0104,Engineering,9,2025,26,23,2,0,1,53500,6420.0,5350.0,0,65270.0,7190.4,200,5020.77,12411.17,52858.83,paid
EMP0104,Engineering,10,2025,27,26,0,0,1,53500,6420.0,5350.0,0,65270.0,7190.4,200,0.0,7390.4,57879.6,paid
EMP0104,Engineering,11,2025,25,23,0,1,1,53500,6420.0,5350.0,0,65270.0,7190.4,200,1305.4,8695.8,56574.2,paid
EMP0104,Engineering,12,2025,27,26,0,1,0,53500,6420.0,5350.0,0,65270.0,7190.4,200,1208.7,8599.1,56670.9,paid
EMP0104,Engineering,1,2026,27,26,1,0,0,53500,6420.0,5350.0,0,65270.0,7190.4,200,2417.41,9807.81,55462.19,paid
EMP0104,Engineering,2,2026,24,20,1,2,1,53500,6420.0,5350.0,0,65270.0,7190.4,200,5439.17,12829.57,52440.43,paid
EMP0104,Engineering,3,2026,26,24,0,2,0,53500,6420.0,5350.0,0,65270.0,7190.4,200,2510.38,9900.78,55369.22,paid
EMP0104,Engineering,4,2026,26,26,0,0,0,57500,6900.0,5750.0,0,70150.0,7728.0,200,0.0,7928.0,62222.0,paid
EMP0104,Engineering,5,2026,26,23,1,1,1,59500,7140.0,5950.0,0,72590.0,7996.8,200,4187.88,12384.68,60205.32,paid
EMP0104,Engineering,6,2026,26,23,2,0,1,58000,6960.0,5800.0,0,70760.0,7795.2,200,5443.08,13438.28,57321.72,paid
EMP0104,Engineering,7,2026,27,22,2,1,2,58000,6960.0,5800.0,0,70760.0,7795.2,200,6551.85,14547.05,56212.95,generated
EMP0105,Engineering,8,2025,26,24,1,0,1,39000,4680.0,3900.0,1000,48580.0,5241.6,200,1868.46,7310.06,41269.94,paid
EMP0105,Engineering,9,2025,26,25,1,0,0,39000,4680.0,3900.0,1000,48580.0,5241.6,200,1868.46,7310.06,41269.94,paid
EMP0105,Engineering,10,2025,27,25,1,0,1,39000,4680.0,3900.0,1000,48580.0,5241.6,200,1799.26,7240.86,41339.14,paid
EMP0105,Engineering,11,2025,25,25,0,0,0,39000,4680.0,3900.0,1000,48580.0,5241.6,200,0.0,5441.6,43138.4,paid
EMP0105,Engineering,12,2025,27,25,1,0,1,39000,4680.0,3900.0,1000,48580.0,5241.6,200,1799.26,7240.86,41339.14,paid
EMP0105,Engineering,1,2026,27,27,0,0,0,39000,4680.0,3900.0,1000,48580.0,5241.6,200,0.0,5441.6,43138.4,paid
EMP0105,Engineering,2,2026,24,23,0,0,1,39000,4680.0,3900.0,1000,48580.0,5241.6,200,0.0,5441.6,43138.4,paid
EMP0105,Engineering,3,2026,26,25,0,1,0,39000,4680.0,3900.0,1000,48580.0,5241.6,200,934.23,6375.83,42204.17,paid
EMP0105,Engineering,4,2026,26,26,0,0,0,42000,5040.0,4200.0,1000,52240.0,5644.8,200,0.0,5844.8,46395.2,paid
EMP0105,Engineering,5,2026,26,25,1,0,0,43000,5160.0,4300.0,1000,53460.0,5779.2,200,2056.15,8035.35,45424.65,paid
EMP0105,Engineering,6,2026,26,25,0,1,0,43000,5160.0,4300.0,1000,53460.0,5779.2,200,1028.08,7007.28,46452.72,paid
EMP0105,Engineering,7,2026,27,27,0,0,0,44000,5280.0,4400.0,1000,54680.0,5913.6,200,0.0,6113.6,48566.4,generated
EMP0106,Finance,8,2025,26,24,0,2,0,43500,5220.0,4350.0,0,53070.0,5846.4,200,2041.15,8087.55,44982.45,paid
EMP0106,Finance,9,2025,26,26,0,0,0,43500,5220.0,4350.0,0,53070.0,5846.4,200,0.0,6046.4,47023.6,paid
EMP0106,Finance,10,2025,27,25,0,0,2,43500,5220.0,4350.0,0,53070.0,5846.4,200,0.0,6046.4,47023.6,paid
EMP0106,Finance,11,2025,25,23,0,0,2,43500,5220.0,4350.0,0,53070.0,5846.4,200,0.0,6046.4,47023.6,paid
EMP0106,Finance,12,2025,27,24,2,0,1,43500,5220.0,4350.0,0,53070.0,5846.4,200,3931.11,9977.51,43092.49,paid
EMP0106,Finance,1,2026,27,24,0,0,3,43500,5220.0,4350.0,0,53070.0,5846.4,200,0.0,6046.4,47023.6,paid
EMP0106,Finance,2,2026,24,23,0,1,0,43500,5220.0,4350.0,0,53070.0,5846.4,200,1105.63,7152.03,45917.97,paid
EMP0106,Finance,3,2026,26,20,2,1,3,43500,5220.0,4350.0,0,53070.0,5846.4,200,5102.88,11149.28,41920.72,paid
EMP0106,Finance,4,2026,26,25,0,0,1,49500,5940.0,4950.0,0,60390.0,6652.8,200,0.0,6852.8,53537.2,paid
EMP0106,Finance,5,2026,26,23,2,0,1,47000,5640.0,4700.0,0,57340.0,6316.8,200,4410.77,10927.57,46412.43,paid
EMP0106,Finance,6,2026,26,24,2,0,0,47500,5700.0,4750.0,0,57950.0,6384.0,200,4457.69,11041.69,46908.31,paid
EMP0106,Finance,7,2026,27,25,1,0,1,47000,5640.0,4700.0,0,57340.0,6316.8,200,2123.7,8640.5,48699.5,generated
EMP0107,Sales,8,2025,26,25,1,0,0,31500,3780.0,3150.0,0,38430.0,4233.6,200,1478.08,5911.68,32518.32,paid
EMP0107,Sales,9,2025,26,24,2,0,0,31500,3780.0,3150.0,0,38430.0,4233.6,200,2956.15,7389.75,31040.25,paid
EMP0107,Sales,10,2025,27,24,1,1,1,31500,3780.0,3150.0,0,38430.0,4233.6,200,2135.0,6568.6,31861.4,paid
EMP0107,Sales,11,2025,25,20,2,1,2,31500,3780.0,3150.0,0,38430.0,4233.6,200,3843.0,8276.6,30153.4,paid
EMP0107,Sales,12,2025,27,26,1,0,0,31500,3780.0,3150.0,0,38430.0,4233.6,200,1423.33,5856.93,32573.07,paid
EMP0107,Sales,1,2026,27,26,1,0,0,31500,3780.0,3150.0,0,38430.0,4233.6,200,1423.33,5856.93,32573.07,paid
EMP0107,Sales,2,2026,24,21,0,2,1,31500,3780.0,3150.0,0,38430.0,4233.6,200,1601.25,6034.85,32395.15,paid
EMP0107,Sales,3,2026,26,26,0,0,0,31500,3780.0,3150.0,0,38430.0,4233.6,200,0.0,4433.6,33996.4,paid
EMP0107,Sales,4,2026,26,26,0,0,0,34000,4080.0,3400.0,0,41480.0,4569.6,200,0.0,4769.6,36710.4,paid
EMP0107,Sales,5,2026,26,24,0,2,0,35000,4200.0,3500.0,0,42700.0,4704.0,200,1642.31,6546.31,36153.69,paid
EMP0107,Sales,6,2026,26,21,1,1,3,35000,4200.0,3500.0,0,42700.0,4704.0,200,2463.46,7367.46,35332.54,paid
EMP0107,Sales,7,2026,27,26,1,0,0,33500,4020.0,3350.0,0,40870.0,4502.4,200,1513.7,6216.1,34653.9,generated
EMP0108,Support,8,2025,26,26,0,0,0,23500,2820.0,2350.0,0,28670.0,3158.4,200,0.0,3358.4,25311.6,paid
EMP0108,Support,9,2025,26,26,0,0,0,23500,2820.0,2350.0,0,28670.0,3158.4,200,0.0,3358.4,25311.6,paid
EMP0108,Support,10,2025,27,27,0,0,0,23500,2820.0,2350.0,0,28670.0,3158.4,200,0.0,3358.4,25311.6,paid
EMP0108,Support,11,2025,25,24,0,1,0,23500,2820.0,2350.0,0,28670.0,3158.4,200,573.4,3931.8,24738.2,paid
EMP0108,Support,12,2025,27,26,0,1,0,23500,2820.0,2350.0,0,28670.0,3158.4,200,530.93,3889.33,24780.67,paid
EMP0108,Support,1,2026,27,26,0,1,0,23500,2820.0,2350.0,0,28670.0,3158.4,200,530.93,3889.33,24780.67,paid
EMP0108,Support,2,2026,24,20,2,0,2,23500,2820.0,2350.0,0,28670.0,3158.4,200,2389.17,5747.57,22922.43,paid
EMP0108,Support,3,2026,26,24,0,0,2,23500,2820.0,2350.0,0,28670.0,3158.4,200,0.0,3358.4,25311.6,paid
EMP0108,Support,4,2026,26,23,0,2,1,26000,3120.0,2600.0,0,31720.0,3494.4,200,1220.0,4914.4,26805.6,paid
EMP0108,Support,5,2026,26,25,0,1,0,26500,3180.0,2650.0,0,32330.0,3561.6,200,621.73,4383.33,27946.67,paid
EMP0108,Support,6,2026,26,24,2,0,0,25000,3000.0,2500.0,0,30500.0,3360.0,200,2346.15,5906.15,24593.85,paid
EMP0108,Support,7,2026,27,24,2,1,0,26500,3180.0,2650.0,0,32330.0,3561.6,200,2993.52,6755.12,25574.88,generated
EMP0109,Marketing,8,2025,26,25,0,1,0,46000,5520.0,4600.0,0,56120.0,6182.4,200,1079.23,7461.63,48658.37,paid
EMP0109,Marketing,9,2025,26,23,1,0,2,46000,5520.0,4600.0,0,56120.0,6182.4,200,2158.46,8540.86,47579.14,paid
EMP0109,Marketing,10,2025,27,20,1,4,2,46000,5520.0,4600.0,0,56120.0,6182.4,200,6235.56,12617.96,43502.04,paid
EMP0109,Marketing,11,2025,25,23,0,1,1,46000,5520.0,4600.0,0,56120.0,6182.4,200,1122.4,7504.8,48615.2,paid
EMP0109,Marketing,12,2025,27,27,0,0,0,46000,5520.0,4600.0,0,56120.0,6182.4,200,0.0,6382.4,49737.6,paid
EMP0109,Marketing,1,2026,27,25,0,1,1,46000,5520.0,4600.0,0,56120.0,6182.4,200,1039.26,7421.66,48698.34,paid
EMP0109,Marketing,2,2026,24,22,0,0,2,46000,5520.0,4600.0,0,56120.0,6182.4,200,0.0,6382.4,49737.6,paid
EMP0109,Marketing,3,2026,26,23,1,1,1,46000,5520.0,4600.0,0,56120.0,6182.4,200,3237.69,9620.09,46499.91,paid
EMP0109,Marketing,4,2026,26,25,0,1,0,49500,5940.0,4950.0,0,60390.0,6652.8,200,1161.35,8014.15,52375.85,paid
EMP0109,Marketing,5,2026,26,24,2,0,0,50000,6000.0,5000.0,0,61000.0,6720.0,200,4692.31,11612.31,49387.69,paid
EMP0109,Marketing,6,2026,26,23,0,1,2,50000,6000.0,5000.0,0,61000.0,6720.0,200,1173.08,8093.08,52906.92,paid
EMP0109,Marketing,7,2026,27,26,1,0,0,49500,5940.0,4950.0,0,60390.0,6652.8,200,2236.67,9089.47,51300.53,generated
EMP0110,Finance,10,2025,27,26,1,0,0,61000,7320.0,6100.0,1000,75420.0,8198.4,200,2793.33,11191.73,64228.27,paid
EMP0110,Finance,11,2025,25,24,1,0,0,61000,7320.0,6100.0,1000,75420.0,8198.4,200,3016.8,11415.2,64004.8,paid
EMP0110,Finance,12,2025,27,27,0,0,0,61000,7320.0,6100.0,1000,75420.0,8198.4,200,0.0,8398.4,67021.6,paid
EMP0110,Finance,1,2026,27,26,0,1,0,61000,7320.0,6100.0,1000,75420.0,8198.4,200,1396.67,9795.07,65624.93,paid
EMP0110,Finance,2,2026,24,22,2,0,0,61000,7320.0,6100.0,1000,75420.0,8198.4,200,6285.0,14683.4,60736.6,paid
EMP0110,Finance,3,2026,26,26,0,0,0,61000,7320.0,6100.0,1000,75420.0,8198.4,200,0.0,8398.4,67021.6,paid
EMP0110,Finance,4,2026,26,25,1,0,0,61000,7320.0,6100.0,1000,75420.0,8198.4,200,2900.77,11299.17,64120.83,paid
EMP0110,Finance,5,2026,26,24,0,2,0,61000,7320.0,6100.0,1000,75420.0,8198.4,200,2900.77,11299.17,64120.83,paid
EMP0110,Finance,6,2026,26,25,0,0,1,61000,7320.0,6100.0,1000,75420.0,8198.4,200,0.0,8398.4,67021.6,paid
EMP0110,Finance,7,2026,27,27,0,0,0,61000,7320.0,6100.0,1000,75420.0,8198.4,200,0.0,8398.4,67021.6,generated
EMP0111,HR,8,2025,26,26,0,0,0,38000,4560.0,3800.0,0,46360.0,5107.2,200,0.0,5307.2,41052.8,paid
EMP0111,HR,9,2025,26,21,1,2,2,38000,4560.0,3800.0,0,46360.0,5107.2,200,3566.15,8873.35,37486.65,paid
EMP0111,HR,10,2025,27,24,1,2,0,38000,4560.0,3800.0,0,46360.0,5107.2,200,3434.07,8741.27,37618.73,paid
EMP0111,HR,11,2025,25,23,0,1,1,38000,4560.0,3800.0,0,46360.0,5107.2,200,927.2,6234.4,40125.6,paid
EMP0111,HR,12,2025,27,23,3,0,1,38000,4560.0,3800.0,0,46360.0,5107.2,200,5151.11,10458.31,35901.69,paid
EMP0111,HR,1,2026,27,24,0,1,2,38000,4560.0,3800.0,0,46360.0,5107.2,200,858.52,6165.72,40194.28,paid
EMP0111,HR,2,2026,24,21,2,1,0,38000,4560.0,3800.0,0,46360.0,5107.2,200,4829.17,10136.37,36223.63,paid
EMP0111,HR,3,2026,26,26,0,0,0,38000,4560.0,3800.0,0,46360.0,5107.2,200,0.0,5307.2,41052.8,paid
EMP0111,HR,4,2026,26,26,0,0,0,40500,4860.0,4050.0,0,49410.0,5443.2,200,0.0,5643.2,43766.8,paid
EMP0111,HR,5,2026,26,24,2,0,0,41000,4920.0,4100.0,0,50020.0,5510.4,200,3847.69,9558.09,40461.91,paid
EMP0111,HR,6,2026,26,25,0,1,0,40500,4860.0,4050.0,0,49410.0,5443.2,200,950.19,6593.39,42816.61,paid
EMP0111,HR,7,2026,27,26,0,0,1,42000,5040.0,4200.0,0,51240.0,5644.8,200,0.0,5844.8,45395.2,generated
EMP0112,Engineering,8,2025,26,25,0,0,1,42500,5100.0,4250.0,1500,53350.0,5712.0,200,0.0,5912.0,47438.0,paid
EMP0112,Engineering,9,2025,26,23,2,0,1,42500,5100.0,4250.0,1500,53350.0,5712.0,200,4103.85,10015.85,43334.15,paid
EMP0112,Engineering,10,2025,27,26,1,0,0,42500,5100.0,4250.0,1500,53350.0,5712.0,200,1975.93,7887.93,45462.07,paid
EMP0112,Engineering,11,2025,25,24,0,0,1,42500,5100.0,4250.0,1500,53350.0,5712.0,200,0.0,5912.0,47438.0,paid
EMP0112,Engineering,12,2025,27,22,0,5,0,42500,5100.0,4250.0,1500,53350.0,5712.0,200,4939.81,10851.81,42498.19,paid
EMP0112,Engineering,1,2026,27,24,0,1,2,42500,5100.0,4250.0,1500,53350.0,5712.0,200,987.96,6899.96,46450.04,paid
EMP0112,Engineering,2,2026,24,21,2,0,1,42500,5100.0,4250.0,1500,53350.0,5712.0,200,4445.83,10357.83,42992.17,paid
EMP0112,Engineering,3,2026,26,26,0,0,0,42500,5100.0,4250.0,1500,53350.0,5712.0,200,0.0,5912.0,47438.0,paid
EMP0112,Engineering,4,2026,26,21,0,4,1,45500,5460.0,4550.0,1500,57010.0,6115.2,200,4385.38,10700.58,46309.42,paid
EMP0112,Engineering,5,2026,26,25,0,0,1,45500,5460.0,4550.0,1500,57010.0,6115.2,200,0.0,6315.2,50694.8,paid
EMP0112,Engineering,6,2026,26,26,0,0,0,47000,5640.0,4700.0,1500,58840.0,6316.8,200,0.0,6516.8,52323.2,paid
EMP0112,Engineering,7,2026,27,26,0,1,0,47000,5640.0,4700.0,1500,58840.0,6316.8,200,1089.63,7606.43,51233.57,generated
EMP0113,Sales,8,2025,26,25,1,0,0,47500,5700.0,4750.0,0,57950.0,6384.0,200,2228.85,8812.85,49137.15,paid
EMP0113,Sales,9,2025,26,23,1,1,1,47500,5700.0,4750.0,0,57950.0,6384.0,200,3343.27,9927.27,48022.73,paid
EMP0113,Sales,10,2025,27,25,1,1,0,47500,5700.0,4750.0,0,57950.0,6384.0,200,3219.44,9803.44,48146.56,paid
EMP0113,Sales,11,2025,25,20,1,1,3,47500,5700.0,4750.0,0,57950.0,6384.0,200,3477.0,10061.0,47889.0,paid
EMP0113,Sales,12,2025,27,24,1,2,0,47500,5700.0,4750.0,0,57950.0,6384.0,200,4292.59,10876.59,47073.41,paid
EMP0113,Sales,1,2026,27,23,1,1,2,47500,5700.0,4750.0,0,57950.0,6384.0,200,3219.44,9803.44,48146.56,paid
EMP0113,Sales,2,2026,24,23,1,0,0,47500,5700.0,4750.0,0,57950.0,6384.0,200,2414.58,8998.58,48951.42,paid
EMP0113,Sales,3,2026,26,24,1,0,1,47500,5700.0,4750.0,0,57950.0,6384.0,200,2228.85,8812.85,49137.15,paid
EMP0113,Sales,4,2026,26,26,0,0,0,53000,6360.0,5300.0,0,64660.0,7123.2,200,0.0,7323.2,57336.8,paid
EMP0113,Sales,5,2026,26,23,2,1,0,52500,6300.0,5250.0,0,64050.0,7056.0,200,6158.65,13414.65,50635.35,paid
EMP0113,Sales,6,2026,26,24,1,0,1,53500,6420.0,5350.0,0,65270.0,7190.4,200,2510.38,9900.78,55369.22,paid
EMP0113,Sales,7,2026,27,23,1,3,0,51000,6120.0,5100.0,0,62220.0,6854.4,200,5761.11,12815.51,49404.49,generated
EMP0114,Marketing,4,2026,26,26,0,0,0,29500,3540.0,2950.0,0,35990.0,3964.8,200,0.0,4164.8,31825.2,paid
EMP0114,Marketing,5,2026,26,24,0,1,1,29500,3540.0,2950.0,0,35990.0,3964.8,200,692.12,4856.92,31133.08,paid
EMP0114,Marketing,6,2026,26,22,3,1,0,29500,3540.0,2950.0,0,35990.0,3964.8,200,4844.81,9009.61,26980.39,paid
EMP0114,Marketing,7,2026,27,25,2,0,0,29500,3540.0,2950.0,0,35990.0,3964.8,200,2665.93,6830.73,29159.27,generated
EMP0115,Support,8,2025,26,23,0,2,1,33500,4020.0,3350.0,0,40870.0,4502.4,200,1571.92,6274.32,34595.68,paid
EMP0115,Support,9,2025,26,23,2,1,0,33500,4020.0,3350.0,0,40870.0,4502.4,200,3929.81,8632.21,32237.79,paid
EMP0115,Support,10,2025,27,25,1,1,0,33500,4020.0,3350.0,0,40870.0,4502.4,200,2270.56,6972.96,33897.04,paid
EMP0115,Support,11,2025,25,23,2,0,0,33500,4020.0,3350.0,0,40870.0,4502.4,200,3269.6,7972.0,32898.0,paid
EMP0115,Support,12,2025,27,23,2,1,1,33500,4020.0,3350.0,0,40870.0,4502.4,200,3784.26,8486.66,32383.34,paid
EMP0115,Support,1,2026,27,24,1,1,1,33500,4020.0,3350.0,0,40870.0,4502.4,200,2270.56,6972.96,33897.04,paid
EMP0115,Support,2,2026,24,23,0,0,1,33500,4020.0,3350.0,0,40870.0,4502.4,200,0.0,4702.4,36167.6,paid
EMP0116,Operations,8,2025,26,23,1,0,2,29500,3540.0,2950.0,1500,37490.0,3964.8,200,1441.92,5606.72,31883.28,paid
EMP0116,Operations,9,2025,26,23,3,0,0,29500,3540.0,2950.0,1500,37490.0,3964.8,200,4325.77,8490.57,28999.43,paid
EMP0116,Operations,10,2025,27,27,0,0,0,29500,3540.0,2950.0,1500,37490.0,3964.8,200,0.0,4164.8,33325.2,paid
EMP0116,Operations,11,2025,25,22,2,0,1,29500,3540.0,2950.0,1500,37490.0,3964.8,200,2999.2,7164.0,30326.0,paid
EMP0116,Operations,12,2025,27,26,1,0,0,29500,3540.0,2950.0,1500,37490.0,3964.8,200,1388.52,5553.32,31936.68,paid
EMP0116,Operations,1,2026,27,26,1,0,0,29500,3540.0,2950.0,1500,37490.0,3964.8,200,1388.52,5553.32,31936.68,paid
EMP0116,Operations,2,2026,24,24,0,0,0,29500,3540.0,2950.0,1500,37490.0,3964.8,200,0.0,4164.8,33325.2,paid
EMP0116,Operations,3,2026,26,24,1,1,0,29500,3540.0,2950.0,1500,37490.0,3964.8,200,2162.88,6327.68,31162.32,paid
EMP0116,Operations,4,2026,26,24,1,0,1,29500,3540.0,2950.0,1500,37490.0,3964.8,200,1441.92,5606.72,31883.28,paid
EMP0116,Operations,5,2026,26,26,0,0,0,29500,3540.0,2950.0,1500,37490.0,3964.8,200,0.0,4164.8,33325.2,paid
EMP0116,Operations,6,2026,26,26,0,0,0,29500,3540.0,2950.0,1500,37490.0,3964.8,200,0.0,4164.8,33325.2,paid
EMP0116,Operations,7,2026,27,26,0,0,1,29500,3540.0,2950.0,1500,37490.0,3964.8,200,0.0,4164.8,33325.2,generated
EMP0117,Marketing,8,2025,26,25,0,1,0,48000,5760.0,4800.0,2500,61060.0,6451.2,200,1174.23,7825.43,53234.57,paid
EMP0117,Marketing,9,2025,26,26,0,0,0,48000,5760.0,4800.0,2500,61060.0,6451.2,200,0.0,6651.2,54408.8,paid
EMP0117,Marketing,10,2025,27,26,1,0,0,48000,5760.0,4800.0,2500,61060.0,6451.2,200,2261.48,8912.68,52147.32,paid
EMP0117,Marketing,11,2025,25,23,1,0,1,48000,5760.0,4800.0,2500,61060.0,6451.2,200,2442.4,9093.6,51966.4,paid
EMP0117,Marketing,12,2025,27,24,2,0,1,48000,5760.0,4800.0,2500,61060.0,6451.2,200,4522.96,11174.16,49885.84,paid
EMP0117,Marketing,1,2026,27,24,1,0,2,48000,5760.0,4800.0,2500,61060.0,6451.2,200,2261.48,8912.68,52147.32,paid
EMP0117,Marketing,2,2026,24,19,3,0,2,48000,5760.0,4800.0,2500,61060.0,6451.2,200,7632.5,14283.7,46776.3,paid
EMP0117,Marketing,3,2026,26,26,0,0,0,48000,5760.0,4800.0,2500,61060.0,6451.2,200,0.0,6651.2,54408.8,paid
EMP0117,Marketing,4,2026,26,25,1,0,0,54000,6480.0,5400.0,2500,68380.0,7257.6,200,2630.0,10087.6,58292.4,paid
EMP0117,Marketing,5,2026,26,25,1,0,0,52500,6300.0,5250.0,2500,66550.0,7056.0,200,2559.62,9815.62,56734.38,paid
EMP0117,Marketing,6,2026,26,25,0,1,0,54500,6540.0,5450.0,2500,68990.0,7324.8,200,1326.73,8851.53,60138.47,paid
EMP0117,Marketing,7,2026,27,24,1,1,1,52000,6240.0,5200.0,2500,65940.0,6988.8,200,3663.33,10852.13,55087.87,generated
EMP0118,Sales,8,2025,26,23,1,2,0,29000,3480.0,2900.0,0,35380.0,3897.6,200,2721.54,6819.14,28560.86,paid
EMP0118,Sales,9,2025,26,24,2,0,0,29000,3480.0,2900.0,0,35380.0,3897.6,200,2721.54,6819.14,28560.86,paid
EMP0118,Sales,10,2025,27,25,1,1,0,29000,3480.0,2900.0,0,35380.0,3897.6,200,1965.56,6063.16,29316.84,paid
EMP0118,Sales,11,2025,25,24,1,0,0,29000,3480.0,2900.0,0,35380.0,3897.6,200,1415.2,5512.8,29867.2,paid
EMP0118,Sales,12,2025,27,23,3,1,0,29000,3480.0,2900.0,0,35380.0,3897.6,200,4586.3,8683.9,26696.1,paid
EMP0118,Sales,1,2026,27,25,0,0,2,29000,3480.0,2900.0,0,35380.0,3897.6,200,0.0,4097.6,31282.4,paid
EMP0118,Sales,2,2026,24,21,1,2,0,29000,3480.0,2900.0,0,35380.0,3897.6,200,2948.33,7045.93,28334.07,paid
EMP0118,Sales,3,2026,26,25,0,1,0,29000,3480.0,2900.0,0,35380.0,3897.6,200,680.38,4777.98,30602.02,paid
EMP0118,Sales,4,2026,26,23,0,0,3,33000,3960.0,3300.0,0,40260.0,4435.2,200,0.0,4635.2,35624.8,paid
EMP0118,Sales,5,2026,26,25,1,0,0,33000,3960.0,3300.0,0,40260.0,4435.2,200,1548.46,6183.66,34076.34,paid
EMP0118,Sales,6,2026,26,26,0,0,0,31000,3720.0,3100.0,0,37820.0,4166.4,200,0.0,4366.4,33453.6,paid
EMP0118,Sales,7,2026,27,26,0,1,0,31500,3780.0,3150.0,0,38430.0,4233.6,200,711.67,5145.27,33284.73,generated
EMP0119,Support,12,2025,27,27,0,0,0,36000,4320.0,3600.0,0,43920.0,4838.4,200,0.0,5038.4,38881.6,paid
EMP0119,Support,1,2026,27,27,0,0,0,36000,4320.0,3600.0,0,43920.0,4838.4,200,0.0,5038.4,38881.6,paid
EMP0119,Support,2,2026,24,24,0,0,0,36000,4320.0,3600.0,0,43920.0,4838.4,200,0.0,5038.4,38881.6,paid
EMP0119,Support,3,2026,26,26,0,0,0,36000,4320.0,3600.0,0,43920.0,4838.4,200,0.0,5038.4,38881.6,paid
EMP0119,Support,4,2026,26,25,0,0,1,36000,4320.0,3600.0,0,43920.0,4838.4,200,0.0,5038.4,38881.6,paid
EMP0119,Support,5,2026,26,26,0,0,0,36000,4320.0,3600.0,0,43920.0,4838.4,200,0.0,5038.4,38881.6,paid
EMP0119,Support,6,2026,26,24,2,0,0,36000,4320.0,3600.0,0,43920.0,4838.4,200,3378.46,8416.86,35503.14,paid
EMP0119,Support,7,2026,27,25,1,1,0,36000,4320.0,3600.0,0,43920.0,4838.4,200,2440.0,7478.4,36441.6,generated
EMP0120,HR,8,2025,26,25,0,0,1,36000,4320.0,3600.0,1000,44920.0,4838.4,200,0.0,5038.4,39881.6,paid
EMP0120,HR,9,2025,26,21,4,0,1,36000,4320.0,3600.0,1000,44920.0,4838.4,200,6910.77,11949.17,32970.83,paid
EMP0120,HR,10,2025,27,24,1,2,0,36000,4320.0,3600.0,1000,44920.0,4838.4,200,3327.41,8365.81,36554.19,paid
EMP0120,HR,11,2025,25,19,1,2,3,36000,4320.0,3600.0,1000,44920.0,4838.4,200,3593.6,8632.0,36288.0,paid
EMP0120,HR,12,2025,27,26,0,0,1,36000,4320.0,3600.0,1000,44920.0,4838.4,200,0.0,5038.4,39881.6,paid
EMP0120,HR,1,2026,27,26,0,1,0,36000,4320.0,3600.0,1000,44920.0,4838.4,200,831.85,5870.25,39049.75,paid
EMP0120,HR,2,2026,24,24,0,0,0,36000,4320.0,3600.0,1000,44920.0,4838.4,200,0.0,5038.4,39881.6,paid
EMP0120,HR,3,2026,26,25,0,1,0,36000,4320.0,3600.0,1000,44920.0,4838.4,200,863.85,5902.25,39017.75,paid
EMP0120,HR,4,2026,26,24,1,0,1,39000,4680.0,3900.0,1000,48580.0,5241.6,200,1868.46,7310.06,41269.94,paid
EMP0120,HR,5,2026,26,21,2,2,1,38500,4620.0,3850.0,1000,47970.0,5174.4,200,5535.0,10909.4,37060.6,paid
EMP0120,HR,6,2026,26,24,1,0,1,39500,4740.0,3950.0,1000,49190.0,5308.8,200,1891.92,7400.72,41789.28,paid
EMP0120,HR,7,2026,27,25,0,1,1,39500,4740.0,3950.0,1000,49190.0,5308.8,200,910.93,6419.73,42770.27,generated
EMP0121,Marketing,8,2025,26,25,0,1,0,49500,5940.0,4950.0,2000,62390.0,6652.8,200,1199.81,8052.61,54337.39,paid
EMP0121,Marketing,9,2025,26,22,1,2,1,49500,5940.0,4950.0,2000,62390.0,6652.8,200,4799.23,11652.03,50737.97,paid
EMP0121,Marketing,10,2025,27,25,0,0,2,49500,5940.0,4950.0,2000,62390.0,6652.8,200,0.0,6852.8,55537.2,paid
EMP0121,Marketing,11,2025,25,24,0,0,1,49500,5940.0,4950.0,2000,62390.0,6652.8,200,0.0,6852.8,55537.2,paid
EMP0121,Marketing,12,2025,27,25,1,1,0,49500,5940.0,4950.0,2000,62390.0,6652.8,200,3466.11,10318.91,52071.09,paid
EMP0121,Marketing,1,2026,27,26,0,1,0,49500,5940.0,4950.0,2000,62390.0,6652.8,200,1155.37,8008.17,54381.83,paid
EMP0121,Marketing,2,2026,24,22,1,1,0,49500,5940.0,4950.0,2000,62390.0,6652.8,200,3899.38,10752.18,51637.82,paid
EMP0121,Marketing,3,2026,26,25,1,0,0,49500,5940.0,4950.0,2000,62390.0,6652.8,200,2399.62,9252.42,53137.58,paid
EMP0121,Marketing,4,2026,26,22,1,1,2,54000,6480.0,5400.0,2000,67880.0,7257.6,200,3916.15,11373.75,56506.25,paid
EMP0121,Marketing,5,2026,26,22,1,3,0,54000,6480.0,5400.0,2000,67880.0,7257.6,200,6526.92,13984.52,53895.48,paid
EMP0121,Marketing,6,2026,26,24,0,1,1,54000,6480.0,5400.0,2000,67880.0,7257.6,200,1305.38,8762.98,59117.02,paid
EMP0121,Marketing,7,2026,27,26,0,0,1,53000,6360.0,5300.0,2000,66660.0,7123.2,200,0.0,7323.2,59336.8,generated
EMP0122,Finance,8,2025,26,26,0,0,0,38500,4620.0,3850.0,1500,48470.0,5174.4,200,0.0,5374.4,43095.6,paid
EMP0122,Finance,9,2025,26,25,1,0,0,38500,4620.0,3850.0,1500,48470.0,5174.4,200,1864.23,7238.63,41231.37,paid
EMP0122,Finance,10,2025,27,26,1,0,0,38500,4620.0,3850.0,1500,48470.0,5174.4,200,1795.19,7169.59,41300.41,paid
EMP0122,Finance,11,2025,25,23,1,1,0,38500,4620.0,3850.0,1500,48470.0,5174.4,200,2908.2,8282.6,40187.4,paid
EMP0122,Finance,12,2025,27,27,0,0,0,38500,4620.0,3850.0,1500,48470.0,5174.4,200,0.0,5374.4,43095.6,paid
EMP0122,Finance,1,2026,27,25,1,0,1,38500,4620.0,3850.0,1500,48470.0,5174.4,200,1795.19,7169.59,41300.41,paid
EMP0122,Finance,2,2026,24,23,1,0,0,38500,4620.0,3850.0,1500,48470.0,5174.4,200,2019.58,7393.98,41076.02,paid
EMP0122,Finance,3,2026,26,24,1,1,0,38500,4620.0,3850.0,1500,48470.0,5174.4,200,2796.35,8170.75,40299.25,paid
EMP0122,Finance,4,2026,26,25,0,1,0,41500,4980.0,4150.0,1500,52130.0,5577.6,200,1002.5,6780.1,45349.9,paid
EMP0122,Finance,5,2026,26,25,0,0,1,42500,5100.0,4250.0,1500,53350.0,5712.0,200,0.0,5912.0,47438.0,paid
EMP0122,Finance,6,2026,26,26,0,0,0,41500,4980.0,4150.0,1500,52130.0,5577.6,200,0.0,5777.6,46352.4,paid
EMP0123,Support,8,2025,26,25,0,1,0,31500,3780.0,3150.0,1500,39930.0,4233.6,200,767.88,5201.48,34728.52,paid
EMP0123,Support,9,2025,26,25,1,0,0,31500,3780.0,3150.0,1500,39930.0,4233.6,200,1535.77,5969.37,33960.63,paid
EMP0123,Support,10,2025,27,25,2,0,0,31500,3780.0,3150.0,1500,39930.0,4233.6,200,2957.78,7391.38,32538.62,paid
EMP0123,Support,11,2025,25,23,0,0,2,31500,3780.0,3150.0,1500,39930.0,4233.6,200,0.0,4433.6,35496.4,paid
EMP0123,Support,12,2025,27,23,3,1,0,31500,3780.0,3150.0,1500,39930.0,4233.6,200,5176.11,9609.71,30320.29,paid
EMP0123,Support,1,2026,27,26,0,0,1,31500,3780.0,3150.0,1500,39930.0,4233.6,200,0.0,4433.6,35496.4,paid
EMP0123,Support,2,2026,24,23,0,1,0,31500,3780.0,3150.0,1500,39930.0,4233.6,200,831.88,5265.48,34664.52,paid
EMP0123,Support,3,2026,26,25,1,0,0,31500,3780.0,3150.0,1500,39930.0,4233.6,200,1535.77,5969.37,33960.63,paid
EMP0123,Support,4,2026,26,23,0,3,0,35500,4260.0,3550.0,1500,44810.0,4771.2,200,2585.19,7556.39,37253.61,paid
EMP0123,Support,5,2026,26,24,0,1,1,35000,4200.0,3500.0,1500,44200.0,4704.0,200,850.0,5754.0,38446.0,paid
EMP0123,Support,6,2026,26,22,2,0,2,36000,4320.0,3600.0,1500,45420.0,4838.4,200,3493.85,8532.25,36887.75,paid
EMP0123,Support,7,2026,27,25,2,0,0,34000,4080.0,3400.0,1500,42980.0,4569.6,200,3183.7,7953.3,35026.7,generated
EMP0124,Support,8,2025,26,25,0,0,1,32500,3900.0,3250.0,0,39650.0,4368.0,200,0.0,4568.0,35082.0,paid
EMP0124,Support,9,2025,26,22,1,1,2,32500,3900.0,3250.0,0,39650.0,4368.0,200,2287.5,6855.5,32794.5,paid
EMP0124,Support,10,2025,27,26,1,0,0,32500,3900.0,3250.0,0,39650.0,4368.0,200,1468.52,6036.52,33613.48,paid
EMP0124,Support,11,2025,25,23,0,2,0,32500,3900.0,3250.0,0,39650.0,4368.0,200,1586.0,6154.0,33496.0,paid
EMP0124,Support,12,2025,27,25,0,2,0,32500,3900.0,3250.0,0,39650.0,4368.0,200,1468.52,6036.52,33613.48,paid
EMP0124,Support,1,2026,27,25,0,2,0,32500,3900.0,3250.0,0,39650.0,4368.0,200,1468.52,6036.52,33613.48,paid
EMP0124,Support,2,2026,24,23,0,0,1,32500,3900.0,3250.0,0,39650.0,4368.0,200,0.0,4568.0,35082.0,paid
EMP0124,Support,3,2026,26,24,2,0,0,32500,3900.0,3250.0,0,39650.0,4368.0,200,3050.0,7618.0,32032.0,paid
EMP0124,Support,4,2026,26,24,0,0,2,35000,4200.0,3500.0,0,42700.0,4704.0,200,0.0,4904.0,37796.0,paid
EMP0124,Support,5,2026,26,25,0,0,1,34500,4140.0,3450.0,0,42090.0,4636.8,200,0.0,4836.8,37253.2,paid
EMP0124,Support,6,2026,26,22,0,3,1,35500,4260.0,3550.0,0,43310.0,4771.2,200,2498.65,7469.85,35840.15,paid
EMP0124,Support,7,2026,27,26,1,0,0,37000,4440.0,3700.0,0,45140.0,4972.8,200,1671.85,6844.65,38295.35,generated
EMP0125,Operations,8,2025,26,26,0,0,0,38500,4620.0,3850.0,2000,48970.0,5174.4,200,0.0,5374.4,43595.6,paid
EMP0125,Operations,9,2025,26,25,1,0,0,38500,4620.0,3850.0,2000,48970.0,5174.4,200,1883.46,7257.86,41712.14,paid
EMP0125,Operations,10,2025,27,26,1,0,0,38500,4620.0,3850.0,2000,48970.0,5174.4,200,1813.7,7188.1,41781.9,paid
EMP0125,Operations,11,2025,25,23,1,0,1,38500,4620.0,3850.0,2000,48970.0,5174.4,200,1958.8,7333.2,41636.8,paid
EMP0125,Operations,12,2025,27,27,0,0,0,38500,4620.0,3850.0,2000,48970.0,5174.4,200,0.0,5374.4,43595.6,paid
EMP0125,Operations,1,2026,27,26,0,1,0,38500,4620.0,3850.0,2000,48970.0,5174.4,200,906.85,6281.25,42688.75,paid
EMP0125,Operations,2,2026,24,22,1,1,0,38500,4620.0,3850.0,2000,48970.0,5174.4,200,3060.63,8435.03,40534.97,paid
EMP0125,Operations,3,2026,26,23,0,1,2,38500,4620.0,3850.0,2000,48970.0,5174.4,200,941.73,6316.13,42653.87,paid
EMP0125,Operations,4,2026,26,22,1,1,2,42500,5100.0,4250.0,2000,53850.0,5712.0,200,3106.73,9018.73,44831.27,paid
EMP0125,Operations,5,2026,26,24,0,1,1,44000,5280.0,4400.0,2000,55680.0,5913.6,200,1070.77,7184.37,48495.63,paid
EMP0125,Operations,6,2026,26,23,1,0,2,43500,5220.0,4350.0,2000,55070.0,5846.4,200,2118.08,8164.48,46905.52,paid
EMP0125,Operations,7,2026,27,27,0,0,0,42000,5040.0,4200.0,2000,53240.0,5644.8,200,0.0,5844.8,47395.2,generated
EMP0126,Engineering,8,2025,26,24,0,1,1,53000,6360.0,5300.0,1000,65660.0,7123.2,200,1262.69,8585.89,57074.11,paid
EMP0126,Engineering,9,2025,26,26,0,0,0,53000,6360.0,5300.0,1000,65660.0,7123.2,200,0.0,7323.2,58336.8,paid
EMP0126,Engineering,10,2025,27,24,1,1,1,53000,6360.0,5300.0,1000,65660.0,7123.2,200,3647.78,10970.98,54689.02,paid
EMP0126,Engineering,11,2025,25,23,2,0,0,53000,6360.0,5300.0,1000,65660.0,7123.2,200,5252.8,12576.0,53084.0,paid
EMP0126,Engineering,12,2025,27,24,0,1,2,53000,6360.0,5300.0,1000,65660.0,7123.2,200,1215.93,8539.13,57120.87,paid
EMP0126,Engineering,1,2026,27,26,0,0,1,53000,6360.0,5300.0,1000,65660.0,7123.2,200,0.0,7323.2,58336.8,paid
EMP0126,Engineering,2,2026,24,21,1,0,2,53000,6360.0,5300.0,1000,65660.0,7123.2,200,2735.83,10059.03,55600.97,paid
EMP0126,Engineering,3,2026,26,26,0,0,0,53000,6360.0,5300.0,1000,65660.0,7123.2,200,0.0,7323.2,58336.8,paid
EMP0126,Engineering,4,2026,26,26,0,0,0,58000,6960.0,5800.0,1000,71760.0,7795.2,200,0.0,7995.2,63764.8,paid
EMP0126,Engineering,5,2026,26,26,0,0,0,57500,6900.0,5750.0,1000,71150.0,7728.0,200,0.0,7928.0,63222.0,paid
EMP0126,Engineering,6,2026,26,24,0,2,0,59500,7140.0,5950.0,1000,73590.0,7996.8,200,2830.38,11027.18,62562.82,paid
EMP0126,Engineering,7,2026,27,27,0,0,0,58500,7020.0,5850.0,1000,72370.0,7862.4,200,0.0,8062.4,64307.6,generated
EMP0127,Support,8,2025,26,25,0,1,0,35500,4260.0,3550.0,1500,44810.0,4771.2,200,861.73,5832.93,38977.07,paid
EMP0127,Support,9,2025,26,24,2,0,0,35500,4260.0,3550.0,1500,44810.0,4771.2,200,3446.92,8418.12,36391.88,paid
EMP0127,Support,10,2025,27,24,0,2,1,35500,4260.0,3550.0,1500,44810.0,4771.2,200,1659.63,6630.83,38179.17,paid
EMP0127,Support,11,2025,25,25,0,0,0,35500,4260.0,3550.0,1500,44810.0,4771.2,200,0.0,4971.2,39838.8,paid
EMP0127,Support,12,2025,27,25,1,0,1,35500,4260.0,3550.0,1500,44810.0,4771.2,200,1659.63,6630.83,38179.17,paid
EMP0127,Support,1,2026,27,26,0,1,0,35500,4260.0,3550.0,1500,44810.0,4771.2,200,829.81,5801.01,39008.99,paid
EMP0127,Support,2,2026,24,23,1,0,0,35500,4260.0,3550.0,1500,44810.0,4771.2,200,1867.08,6838.28,37971.72,paid
EMP0127,Support,3,2026,26,23,1,0,2,35500,4260.0,3550.0,1500,44810.0,4771.2,200,1723.46,6694.66,38115.34,paid
EMP0127,Support,4,2026,26,26,0,0,0,38000,4560.0,3800.0,1500,47860.0,5107.2,200,0.0,5307.2,42552.8,paid
EMP0127,Support,5,2026,26,24,1,1,0,40000,4800.0,4000.0,1500,50300.0,5376.0,200,2901.92,8477.92,41822.08,paid
EMP0127,Support,6,2026,26,24,2,0,0,40000,4800.0,4000.0,1500,50300.0,5376.0,200,3869.23,9445.23,40854.77,paid
EMP0127,Support,7,2026,27,27,0,0,0,40500,4860.0,4050.0,1500,50910.0,5443.2,200,0.0,5643.2,45266.8,generated
EMP0128,HR,3,2026,26,25,0,0,1,53000,6360.0,5300.0,0,64660.0,7123.2,200,0.0,7323.2,57336.8,paid
EMP0128,HR,4,2026,26,23,2,1,0,53000,6360.0,5300.0,0,64660.0,7123.2,200,6217.31,13540.51,51119.49,paid
EMP0128,HR,5,2026,26,25,0,0,1,53000,6360.0,5300.0,0,64660.0,7123.2,200,0.0,7323.2,57336.8,paid
EMP0128,HR,6,2026,26,22,3,1,0,53000,6360.0,5300.0,0,64660.0,7123.2,200,8704.23,16027.43,48632.57,paid
EMP0128,HR,7,2026,27,26,1,0,0,53000,6360.0,5300.0,0,64660.0,7123.2,200,2394.81,9718.01,54941.99,generated
EMP0129,Sales,8,2025,26,22,1,1,2,34000,4080.0,3400.0,0,41480.0,4569.6,200,2393.08,7162.68,34317.32,paid
EMP0129,Sales,9,2025,26,25,0,0,1,34000,4080.0,3400.0,0,41480.0,4569.6,200,0.0,4769.6,36710.4,paid
EMP0129,Sales,10,2025,27,25,2,0,0,34000,4080.0,3400.0,0,41480.0,4569.6,200,3072.59,7842.19,33637.81,paid
EMP0129,Sales,11,2025,25,22,0,2,1,34000,4080.0,3400.0,0,41480.0,4569.6,200,1659.2,6428.8,35051.2,paid
EMP0129,Sales,12,2025,27,26,0,1,0,34000,4080.0,3400.0,0,41480.0,4569.6,200,768.15,5537.75,35942.25,paid
EMP0129,Sales,1,2026,27,25,0,1,1,34000,4080.0,3400.0,0,41480.0,4569.6,200,768.15,5537.75,35942.25,paid
EMP0129,Sales,2,2026,24,24,0,0,0,34000,4080.0,3400.0,0,41480.0,4569.6,200,0.0,4769.6,36710.4,paid
EMP0129,Sales,3,2026,26,25,0,0,1,34000,4080.0,3400.0,0,41480.0,4569.6,200,0.0,4769.6,36710.4,paid
EMP0129,Sales,4,2026,26,23,1,1,1,36500,4380.0,3650.0,0,44530.0,4905.6,200,2569.04,7674.64,36855.36,paid
EMP0129,Sales,5,2026,26,25,0,1,0,38000,4560.0,3800.0,0,46360.0,5107.2,200,891.54,6198.74,40161.26,paid
EMP0129,Sales,6,2026,26,24,2,0,0,38000,4560.0,3800.0,0,46360.0,5107.2,200,3566.15,8873.35,37486.65,paid
EMP0129,Sales,7,2026,27,27,0,0,0,36500,4380.0,3650.0,0,44530.0,4905.6,200,0.0,5105.6,39424.4,generated
EMP0130,Engineering,8,2025,26,25,0,0,1,65500,7860.0,6550.0,1000,80910.0,8803.2,200,0.0,9003.2,71906.8,paid
EMP0130,Engineering,9,2025,26,24,2,0,0,65500,7860.0,6550.0,1000,80910.0,8803.2,200,6223.85,15227.05,65682.95,paid
EMP0130,Engineering,10,2025,27,27,0,0,0,65500,7860.0,6550.0,1000,80910.0,8803.2,200,0.0,9003.2,71906.8,paid
EMP0130,Engineering,11,2025,25,25,0,0,0,65500,7860.0,6550.0,1000,80910.0,8803.2,200,0.0,9003.2,71906.8,paid
EMP0130,Engineering,12,2025,27,26,0,1,0,65500,7860.0,6550.0,1000,80910.0,8803.2,200,1498.33,10501.53,70408.47,paid
EMP0130,Engineering,1,2026,27,26,1,0,0,65500,7860.0,6550.0,1000,80910.0,8803.2,200,2996.67,11999.87,68910.13,paid
EMP0130,Engineering,2,2026,24,24,0,0,0,65500,7860.0,6550.0,1000,80910.0,8803.2,200,0.0,9003.2,71906.8,paid
EMP0130,Engineering,3,2026,26,23,2,1,0,65500,7860.0,6550.0,1000,80910.0,8803.2,200,7779.81,16783.01,64126.99,paid
EMP0130,Engineering,4,2026,26,25,0,1,0,71000,8520.0,7100.0,1000,87620.0,9542.4,200,1685.0,11427.4,76192.6,paid
EMP0130,Engineering,5,2026,26,25,0,1,0,70500,8460.0,7050.0,1000,87010.0,9475.2,200,1673.27,11348.47,75661.53,paid
EMP0130,Engineering,6,2026,26,23,1,2,0,70000,8400.0,7000.0,1000,86400.0,9408.0,200,6646.15,16254.15,70145.85,paid
EMP0130,Engineering,7,2026,27,26,0,0,1,73000,8760.0,7300.0,1000,90060.0,9811.2,200,0.0,10011.2,80048.8,generated
EMP0131,Finance,8,2025,26,24,2,0,0,42000,5040.0,4200.0,0,51240.0,5644.8,200,3941.54,9786.34,41453.66,paid
EMP0131,Finance,9,2025,26,23,2,0,1,42000,5040.0,4200.0,0,51240.0,5644.8,200,3941.54,9786.34,41453.66,paid
EMP0131,Finance,10,2025,27,24,2,0,1,42000,5040.0,4200.0,0,51240.0,5644.8,200,3795.56,9640.36,41599.64,paid
EMP0131,Finance,11,2025,25,25,0,0,0,42000,5040.0,4200.0,0,51240.0,5644.8,200,0.0,5844.8,45395.2,paid
EMP0131,Finance,12,2025,27,24,0,1,2,42000,5040.0,4200.0,0,51240.0,5644.8,200,948.89,6793.69,44446.31,paid
EMP0131,Finance,1,2026,27,24,1,2,0,42000,5040.0,4200.0,0,51240.0,5644.8,200,3795.56,9640.36,41599.64,paid
EMP0131,Finance,2,2026,24,23,1,0,0,42000,5040.0,4200.0,0,51240.0,5644.8,200,2135.0,7979.8,43260.2,paid
EMP0131,Finance,3,2026,26,25,0,0,1,42000,5040.0,4200.0,0,51240.0,5644.8,200,0.0,5844.8,45395.2,paid
EMP0131,Finance,4,2026,26,23,2,1,0,47500,5700.0,4750.0,0,57950.0,6384.0,200,5572.12,12156.12,45793.88,paid
EMP0131,Finance,5,2026,26,26,0,0,0,48000,5760.0,4800.0,0,58560.0,6451.2,200,0.0,6651.2,51908.8,paid
EMP0131,Finance,6,2026,26,24,1,1,0,45000,5400.0,4500.0,0,54900.0,6048.0,200,3167.31,9415.31,45484.69,paid
EMP0131,Finance,7,2026,27,26,1,0,0,47000,5640.0,4700.0,0,57340.0,6316.8,200,2123.7,8640.5,48699.5,generated
EMP0132,Engineering,8,2025,26,23,2,0,1,52500,6300.0,5250.0,1500,65550.0,7056.0,200,5042.31,12298.31,53251.69,paid
EMP0132,Engineering,9,2025,26,23,0,2,1,52500,6300.0,5250.0,1500,65550.0,7056.0,200,2521.15,9777.15,55772.85,paid
EMP0132,Engineering,10,2025,27,25,1,0,1,52500,6300.0,5250.0,1500,65550.0,7056.0,200,2427.78,9683.78,55866.22,paid
EMP0132,Engineering,11,2025,25,22,2,0,1,52500,6300.0,5250.0,1500,65550.0,7056.0,200,5244.0,12500.0,53050.0,paid
EMP0132,Engineering,12,2025,27,24,1,0,2,52500,6300.0,5250.0,1500,65550.0,7056.0,200,2427.78,9683.78,55866.22,paid
EMP0132,Engineering,1,2026,27,24,1,1,1,52500,6300.0,5250.0,1500,65550.0,7056.0,200,3641.67,10897.67,54652.33,paid
EMP0132,Engineering,2,2026,24,23,0,0,1,52500,6300.0,5250.0,1500,65550.0,7056.0,200,0.0,7256.0,58294.0,paid
EMP0132,Engineering,3,2026,26,25,1,0,0,52500,6300.0,5250.0,1500,65550.0,7056.0,200,2521.15,9777.15,55772.85,paid
EMP0132,Engineering,4,2026,26,25,1,0,0,56000,6720.0,5600.0,1500,69820.0,7526.4,200,2685.38,10411.78,59408.22,paid
EMP0132,Engineering,5,2026,26,25,0,1,0,56500,6780.0,5650.0,1500,70430.0,7593.6,200,1354.42,9148.02,61281.98,paid
EMP0132,Engineering,6,2026,26,21,3,0,2,59000,7080.0,5900.0,1500,73480.0,7929.6,200,8478.46,16608.06,56871.94,paid
EMP0132,Engineering,7,2026,27,27,0,0,0,59500,7140.0,5950.0,1500,74090.0,7996.8,200,0.0,8196.8,65893.2,generated
EMP0133,HR,8,2025,26,26,0,0,0,38500,4620.0,3850.0,2000,48970.0,5174.4,200,0.0,5374.4,43595.6,paid
EMP0133,HR,9,2025,26,25,0,1,0,38500,4620.0,3850.0,2000,48970.0,5174.4,200,941.73,6316.13,42653.87,paid
EMP0133,HR,10,2025,27,26,0,0,1,38500,4620.0,3850.0,2000,48970.0,5174.4,200,0.0,5374.4,43595.6,paid
EMP0133,HR,11,2025,25,25,0,0,0,38500,4620.0,3850.0,2000,48970.0,5174.4,200,0.0,5374.4,43595.6,paid
EMP0133,HR,12,2025,27,25,0,1,1,38500,4620.0,3850.0,2000,48970.0,5174.4,200,906.85,6281.25,42688.75,paid
EMP0133,HR,1,2026,27,24,1,1,1,38500,4620.0,3850.0,2000,48970.0,5174.4,200,2720.56,8094.96,40875.04,paid
EMP0133,HR,2,2026,24,23,0,1,0,38500,4620.0,3850.0,2000,48970.0,5174.4,200,1020.21,6394.61,42575.39,paid
EMP0133,HR,3,2026,26,26,0,0,0,38500,4620.0,3850.0,2000,48970.0,5174.4,200,0.0,5374.4,43595.6,paid
EMP0133,HR,4,2026,26,25,0,0,1,44000,5280.0,4400.0,2000,55680.0,5913.6,200,0.0,6113.6,49566.4,paid
EMP0133,HR,5,2026,26,25,0,0,1,42000,5040.0,4200.0,2000,53240.0,5644.8,200,0.0,5844.8,47395.2,paid
EMP0133,HR,6,2026,26,24,2,0,0,43000,5160.0,4300.0,2000,54460.0,5779.2,200,4189.23,10168.43,44291.57,paid
EMP0133,HR,7,2026,27,27,0,0,0,42000,5040.0,4200.0,2000,53240.0,5644.8,200,0.0,5844.8,47395.2,generated
EMP0134,Finance,8,2025,26,25,1,0,0,50000,6000.0,5000.0,0,61000.0,6720.0,200,2346.15,9266.15,51733.85,paid
EMP0134,Finance,9,2025,26,26,0,0,0,50000,6000.0,5000.0,0,61000.0,6720.0,200,0.0,6920.0,54080.0,paid
EMP0134,Finance,10,2025,27,24,0,3,0,50000,6000.0,5000.0,0,61000.0,6720.0,200,3388.89,10308.89,50691.11,paid
EMP0134,Finance,11,2025,25,24,0,1,0,50000,6000.0,5000.0,0,61000.0,6720.0,200,1220.0,8140.0,52860.0,paid
EMP0134,Finance,12,2025,27,26,1,0,0,50000,6000.0,5000.0,0,61000.0,6720.0,200,2259.26,9179.26,51820.74,paid
EMP0134,Finance,1,2026,27,25,0,1,1,50000,6000.0,5000.0,0,61000.0,6720.0,200,1129.63,8049.63,52950.37,paid
EMP0134,Finance,2,2026,24,22,1,0,1,50000,6000.0,5000.0,0,61000.0,6720.0,200,2541.67,9461.67,51538.33,paid
EMP0134,Finance,3,2026,26,23,1,2,0,50000,6000.0,5000.0,0,61000.0,6720.0,200,4692.31,11612.31,49387.69,paid
EMP0134,Finance,4,2026,26,24,2,0,0,56000,6720.0,5600.0,0,68320.0,7526.4,200,5255.38,12981.78,55338.22,paid
EMP0134,Finance,5,2026,26,24,0,1,1,53500,6420.0,5350.0,0,65270.0,7190.4,200,1255.19,8645.59,56624.41,paid
EMP0134,Finance,6,2026,26,25,0,0,1,53500,6420.0,5350.0,0,65270.0,7190.4,200,0.0,7390.4,57879.6,paid
EMP0134,Finance,7,2026,27,25,1,1,0,57000,6840.0,5700.0,0,69540.0,7660.8,200,3863.33,11724.13,57815.87,generated
EMP0135,Engineering,8,2025,26,25,1,0,0,85000,10200.0,8500.0,0,103700.0,11424.0,200,3988.46,15612.46,88087.54,paid
EMP0135,Engineering,9,2025,26,23,3,0,0,85000,10200.0,8500.0,0,103700.0,11424.0,200,11965.38,23589.38,80110.62,paid
EMP0135,Engineering,10,2025,27,26,0,1,0,85000,10200.0,8500.0,0,103700.0,11424.0,200,1920.37,13544.37,90155.63,paid
EMP0135,Engineering,11,2025,25,23,1,1,0,85000,10200.0,8500.0,0,103700.0,11424.0,200,6222.0,17846.0,85854.0,paid
EMP0135,Engineering,12,2025,27,26,0,0,1,85000,10200.0,8500.0,0,103700.0,11424.0,200,0.0,11624.0,92076.0,paid
EMP0135,Engineering,1,2026,27,27,0,0,0,85000,10200.0,8500.0,0,103700.0,11424.0,200,0.0,11624.0,92076.0,paid
EMP0135,Engineering,2,2026,24,23,1,0,0,85000,10200.0,8500.0,0,103700.0,11424.0,200,4320.83,15944.83,87755.17,paid
EMP0135,Engineering,3,2026,26,26,0,0,0,85000,10200.0,8500.0,0,103700.0,11424.0,200,0.0,11624.0,92076.0,paid
EMP0135,Engineering,4,2026,26,26,0,0,0,92000,11040.0,9200.0,0,112240.0,12364.8,200,0.0,12564.8,99675.2,paid
EMP0135,Engineering,5,2026,26,25,0,1,0,96000,11520.0,9600.0,0,117120.0,12902.4,200,2252.31,15354.71,101765.29,paid
EMP0135,Engineering,6,2026,26,23,1,1,1,90500,10860.0,9050.0,0,110410.0,12163.2,200,6369.81,18733.01,91676.99,paid
EMP0135,Engineering,7,2026,27,26,1,0,0,96000,11520.0,9600.0,0,117120.0,12902.4,200,4337.78,17440.18,99679.82,generated
EMP0136,Engineering,8,2025,26,25,0,0,1,49500,5940.0,4950.0,1000,61390.0,6652.8,200,0.0,6852.8,54537.2,paid
EMP0136,Engineering,9,2025,26,25,1,0,0,49500,5940.0,4950.0,1000,61390.0,6652.8,200,2361.15,9213.95,52176.05,paid
EMP0136,Engineering,10,2025,27,26,1,0,0,49500,5940.0,4950.0,1000,61390.0,6652.8,200,2273.7,9126.5,52263.5,paid
EMP0136,Engineering,11,2025,25,25,0,0,0,49500,5940.0,4950.0,1000,61390.0,6652.8,200,0.0,6852.8,54537.2,paid
EMP0136,Engineering,12,2025,27,26,0,0,1,49500,5940.0,4950.0,1000,61390.0,6652.8,200,0.0,6852.8,54537.2,paid
EMP0136,Engineering,1,2026,27,26,0,0,1,49500,5940.0,4950.0,1000,61390.0,6652.8,200,0.0,6852.8,54537.2,paid
EMP0136,Engineering,2,2026,24,23,0,0,1,49500,5940.0,4950.0,1000,61390.0,6652.8,200,0.0,6852.8,54537.2,paid
EMP0136,Engineering,3,2026,26,25,1,0,0,49500,5940.0,4950.0,1000,61390.0,6652.8,200,2361.15,9213.95,52176.05,paid
EMP0136,Engineering,4,2026,26,25,0,1,0,56000,6720.0,5600.0,1000,69320.0,7526.4,200,1333.08,9059.48,60260.52,paid
EMP0136,Engineering,5,2026,26,23,1,1,1,52500,6300.0,5250.0,1000,65050.0,7056.0,200,3752.88,11008.88,54041.12,paid
EMP0136,Engineering,6,2026,26,25,0,0,1,54000,6480.0,5400.0,1000,66880.0,7257.6,200,0.0,7457.6,59422.4,paid
EMP0136,Engineering,7,2026,27,26,0,0,1,55500,6660.0,5550.0,1000,68710.0,7459.2,200,0.0,7659.2,61050.8,generated
EMP0137,Marketing,8,2025,26,23,2,0,1,37500,4500.0,3750.0,2500,48250.0,5040.0,200,3711.54,8951.54,39298.46,paid
EMP0137,Marketing,9,2025,26,24,0,0,2,37500,4500.0,3750.0,2500,48250.0,5040.0,200,0.0,5240.0,43010.0,paid
EMP0137,Marketing,10,2025,27,25,1,1,0,37500,4500.0,3750.0,2500,48250.0,5040.0,200,2680.56,7920.56,40329.44,paid
EMP0137,Marketing,11,2025,25,23,0,1,1,37500,4500.0,3750.0,2500,48250.0,5040.0,200,965.0,6205.0,42045.0,paid
EMP0137,Marketing,12,2025,27,25,0,2,0,37500,4500.0,3750.0,2500,48250.0,5040.0,200,1787.04,7027.04,41222.96,paid
EMP0137,Marketing,1,2026,27,26,0,1,0,37500,4500.0,3750.0,2500,48250.0,5040.0,200,893.52,6133.52,42116.48,paid
EMP0137,Marketing,2,2026,24,23,0,0,1,37500,4500.0,3750.0,2500,48250.0,5040.0,200,0.0,5240.0,43010.0,paid
EMP0137,Marketing,3,2026,26,26,0,0,0,37500,4500.0,3750.0,2500,48250.0,5040.0,200,0.0,5240.0,43010.0,paid
EMP0137,Marketing,4,2026,26,25,0,1,0,40000,4800.0,4000.0,2500,51300.0,5376.0,200,986.54,6562.54,44737.46,paid
EMP0137,Marketing,5,2026,26,25,1,0,0,40500,4860.0,4050.0,2500,51910.0,5443.2,200,1996.54,7639.74,44270.26,paid
EMP0137,Marketing,6,2026,26,24,2,0,0,40500,4860.0,4050.0,2500,51910.0,5443.2,200,3993.08,9636.28,42273.72,paid
EMP0137,Marketing,7,2026,27,27,0,0,0,40000,4800.0,4000.0,2500,51300.0,5376.0,200,0.0,5576.0,45724.0,generated
EMP0138,Sales,8,2025,26,22,1,0,3,32000,3840.0,3200.0,1500,40540.0,4300.8,200,1559.23,6060.03,34479.97,paid
EMP0138,Sales,9,2025,26,23,1,2,0,32000,3840.0,3200.0,1500,40540.0,4300.8,200,3118.46,7619.26,32920.74,paid
EMP0138,Sales,10,2025,27,24,1,1,1,32000,3840.0,3200.0,1500,40540.0,4300.8,200,2252.22,6753.02,33786.98,paid
EMP0138,Sales,11,2025,25,24,1,0,0,32000,3840.0,3200.0,1500,40540.0,4300.8,200,1621.6,6122.4,34417.6,paid
EMP0138,Sales,12,2025,27,25,1,0,1,32000,3840.0,3200.0,1500,40540.0,4300.8,200,1501.48,6002.28,34537.72,paid
EMP0138,Sales,1,2026,27,25,2,0,0,32000,3840.0,3200.0,1500,40540.0,4300.8,200,3002.96,7503.76,33036.24,paid
EMP0138,Sales,2,2026,24,21,2,0,1,32000,3840.0,3200.0,1500,40540.0,4300.8,200,3378.33,7879.13,32660.87,paid
EMP0138,Sales,3,2026,26,25,1,0,0,32000,3840.0,3200.0,1500,40540.0,4300.8,200,1559.23,6060.03,34479.97,paid
EMP0138,Sales,4,2026,26,25,0,1,0,32000,3840.0,3200.0,1500,40540.0,4300.8,200,779.62,5280.42,35259.58,paid
EMP0138,Sales,5,2026,26,23,0,1,2,32000,3840.0,3200.0,1500,40540.0,4300.8,200,779.62,5280.42,35259.58,paid
EMP0138,Sales,6,2026,26,23,1,1,1,32000,3840.0,3200.0,1500,40540.0,4300.8,200,2338.85,6839.65,33700.35,paid
EMP0138,Sales,7,2026,27,27,0,0,0,32000,3840.0,3200.0,1500,40540.0,4300.8,200,0.0,4500.8,36039.2,generated
EMP0139,Engineering,8,2025,26,25,0,0,1,82500,9900.0,8250.0,0,100650.0,11088.0,200,0.0,11288.0,89362.0,paid
EMP0139,Engineering,9,2025,26,23,2,1,0,82500,9900.0,8250.0,0,100650.0,11088.0,200,9677.88,20965.88,79684.12,paid
EMP0139,Engineering,10,2025,27,25,0,1,1,82500,9900.0,8250.0,0,100650.0,11088.0,200,1863.89,13151.89,87498.11,paid
EMP0139,Engineering,11,2025,25,22,2,0,1,82500,9900.0,8250.0,0,100650.0,11088.0,200,8052.0,19340.0,81310.0,paid
EMP0139,Engineering,12,2025,27,24,2,0,1,82500,9900.0,8250.0,0,100650.0,11088.0,200,7455.56,18743.56,81906.44,paid
EMP0139,Engineering,1,2026,27,26,1,0,0,82500,9900.0,8250.0,0,100650.0,11088.0,200,3727.78,15015.78,85634.22,paid
EMP0139,Engineering,2,2026,24,21,1,1,1,82500,9900.0,8250.0,0,100650.0,11088.0,200,6290.63,17578.63,83071.37,paid
EMP0139,Engineering,3,2026,26,25,0,1,0,82500,9900.0,8250.0,0,100650.0,11088.0,200,1935.58,13223.58,87426.42,paid
EMP0139,Engineering,4,2026,26,25,0,0,1,88000,10560.0,8800.0,0,107360.0,11827.2,200,0.0,12027.2,95332.8,paid
EMP0139,Engineering,5,2026,26,24,0,1,1,89000,10680.0,8900.0,0,108580.0,11961.6,200,2088.08,14249.68,94330.32,paid
EMP0139,Engineering,6,2026,26,23,2,0,1,89000,10680.0,8900.0,0,108580.0,11961.6,200,8352.31,20513.91,88066.09,paid
EMP0140,Sales,8,2025,26,25,0,0,1,35500,4260.0,3550.0,0,43310.0,4771.2,200,0.0,4971.2,38338.8,paid
EMP0140,Sales,9,2025,26,23,2,0,1,35500,4260.0,3550.0,0,43310.0,4771.2,200,3331.54,8302.74,35007.26,paid
EMP0140,Sales,10,2025,27,22,3,2,0,35500,4260.0,3550.0,0,43310.0,4771.2,200,6416.3,11387.5,31922.5,paid
EMP0140,Sales,11,2025,25,21,1,1,2,35500,4260.0,3550.0,0,43310.0,4771.2,200,2598.6,7569.8,35740.2,paid
EMP0140,Sales,12,2025,27,25,1,0,1,35500,4260.0,3550.0,0,43310.0,4771.2,200,1604.07,6575.27,36734.73,paid
EMP0140,Sales,1,2026,27,22,1,2,2,35500,4260.0,3550.0,0,43310.0,4771.2,200,3208.15,8179.35,35130.65,paid
EMP0140,Sales,2,2026,24,19,2,1,2,35500,4260.0,3550.0,0,43310.0,4771.2,200,4511.46,9482.66,33827.34,paid
EMP0140,Sales,3,2026,26,21,1,3,1,35500,4260.0,3550.0,0,43310.0,4771.2,200,4164.42,9135.62,34174.38,paid
EMP0140,Sales,4,2026,26,21,1,2,2,40500,4860.0,4050.0,0,49410.0,5443.2,200,3800.77,9443.97,39966.03,paid
EMP0140,Sales,5,2026,26,24,1,1,0,37500,4500.0,3750.0,0,45750.0,5040.0,200,2639.42,7879.42,37870.58,paid
EMP0140,Sales,6,2026,26,21,4,1,0,38000,4560.0,3800.0,0,46360.0,5107.2,200,8023.85,13331.05,33028.95,paid
EMP0140,Sales,7,2026,27,25,1,1,0,40000,4800.0,4000.0,0,48800.0,5376.0,200,2711.11,8287.11,40512.89,generated
EMP0141,Finance,8,2025,26,25,0,1,0,54000,6480.0,5400.0,0,65880.0,7257.6,200,1266.92,8724.52,57155.48,paid
EMP0141,Finance,9,2025,26,23,2,0,1,54000,6480.0,5400.0,0,65880.0,7257.6,200,5067.69,12525.29,53354.71,paid
EMP0141,Finance,10,2025,27,25,0,1,1,54000,6480.0,5400.0,0,65880.0,7257.6,200,1220.0,8677.6,57202.4,paid
EMP0141,Finance,11,2025,25,22,1,0,2,54000,6480.0,5400.0,0,65880.0,7257.6,200,2635.2,10092.8,55787.2,paid
EMP0141,Finance,12,2025,27,27,0,0,0,54000,6480.0,5400.0,0,65880.0,7257.6,200,0.0,7457.6,58422.4,paid
EMP0141,Finance,1,2026,27,27,0,0,0,54000,6480.0,5400.0,0,65880.0,7257.6,200,0.0,7457.6,58422.4,paid
EMP0141,Finance,2,2026,24,21,0,0,3,54000,6480.0,5400.0,0,65880.0,7257.6,200,0.0,7457.6,58422.4,paid
EMP0141,Finance,3,2026,26,25,0,0,1,54000,6480.0,5400.0,0,65880.0,7257.6,200,0.0,7457.6,58422.4,paid
EMP0141,Finance,4,2026,26,21,1,0,4,60500,7260.0,6050.0,0,73810.0,8131.2,200,2838.85,11170.05,62639.95,paid
EMP0141,Finance,5,2026,26,23,1,0,2,59500,7140.0,5950.0,0,72590.0,7996.8,200,2791.92,10988.72,61601.28,paid
EMP0141,Finance,6,2026,26,25,1,0,0,59000,7080.0,5900.0,0,71980.0,7929.6,200,2768.46,10898.06,61081.94,paid
EMP0141,Finance,7,2026,27,25,0,1,1,58500,7020.0,5850.0,0,71370.0,7862.4,200,1321.67,9384.07,61985.93,generated
EMP0142,Engineering,8,2025,26,22,1,3,0,77000,9240.0,7700.0,1500,95440.0,10348.8,200,9176.92,19725.72,75714.28,paid
EMP0142,Engineering,9,2025,26,26,0,0,0,77000,9240.0,7700.0,1500,95440.0,10348.8,200,0.0,10548.8,84891.2,paid
EMP0142,Engineering,10,2025,27,24,2,1,0,77000,9240.0,7700.0,1500,95440.0,10348.8,200,8837.04,19385.84,76054.16,paid
EMP0142,Engineering,11,2025,25,23,0,1,1,77000,9240.0,7700.0,1500,95440.0,10348.8,200,1908.8,12457.6,82982.4,paid
EMP0142,Engineering,12,2025,27,26,0,1,0,77000,9240.0,7700.0,1500,95440.0,10348.8,200,1767.41,12316.21,83123.79,paid
EMP0142,Engineering,1,2026,27,24,0,1,2,77000,9240.0,7700.0,1500,95440.0,10348.8,200,1767.41,12316.21,83123.79,paid
EMP0142,Engineering,2,2026,24,23,0,0,1,77000,9240.0,7700.0,1500,95440.0,10348.8,200,0.0,10548.8,84891.2,paid
EMP0142,Engineering,3,2026,26,25,0,0,1,77000,9240.0,7700.0,1500,95440.0,10348.8,200,0.0,10548.8,84891.2,paid
EMP0142,Engineering,4,2026,26,23,2,1,0,87500,10500.0,8750.0,1500,108250.0,11760.0,200,10408.65,22368.65,85881.35,paid
EMP0142,Engineering,5,2026,26,25,1,0,0,87000,10440.0,8700.0,1500,107640.0,11692.8,200,4140.0,16032.8,91607.2,paid
EMP0142,Engineering,6,2026,26,23,1,0,2,83000,9960.0,8300.0,1500,102760.0,11155.2,200,3952.31,15307.51,87452.49,paid
EMP0142,Engineering,7,2026,27,26,1,0,0,84500,10140.0,8450.0,1500,104590.0,11356.8,200,3873.7,15430.5,89159.5,generated
EMP0143,Support,11,2025,25,25,0,0,0,36000,4320.0,3600.0,1500,45420.0,4838.4,200,0.0,5038.4,40381.6,paid
EMP0143,Support,12,2025,27,25,1,1,0,36000,4320.0,3600.0,1500,45420.0,4838.4,200,2523.33,7561.73,37858.27,paid
EMP0143,Support,1,2026,27,25,0,2,0,36000,4320.0,3600.0,1500,45420.0,4838.4,200,1682.22,6720.62,38699.38,paid
EMP0143,Support,2,2026,24,23,1,0,0,36000,4320.0,3600.0,1500,45420.0,4838.4,200,1892.5,6930.9,38489.1,paid
EMP0143,Support,3,2026,26,24,1,1,0,36000,4320.0,3600.0,1500,45420.0,4838.4,200,2620.38,7658.78,37761.22,paid
EMP0143,Support,4,2026,26,22,1,1,2,36000,4320.0,3600.0,1500,45420.0,4838.4,200,2620.38,7658.78,37761.22,paid
EMP0143,Support,5,2026,26,26,0,0,0,36000,4320.0,3600.0,1500,45420.0,4838.4,200,0.0,5038.4,40381.6,paid
EMP0143,Support,6,2026,26,23,0,2,1,36000,4320.0,3600.0,1500,45420.0,4838.4,200,1746.92,6785.32,38634.68,paid
EMP0143,Support,7,2026,27,25,2,0,0,36000,4320.0,3600.0,1500,45420.0,4838.4,200,3364.44,8402.84,37017.16,generated
EMP0144,Sales,9,2025,26,26,0,0,0,51000,6120.0,5100.0,1500,63720.0,6854.4,200,0.0,7054.4,56665.6,paid
EMP0144,Sales,10,2025,27,22,2,3,0,51000,6120.0,5100.0,1500,63720.0,6854.4,200,8260.0,15314.4,48405.6,paid
EMP0144,Sales,11,2025,25,24,0,1,0,51000,6120.0,5100.0,1500,63720.0,6854.4,200,1274.4,8328.8,55391.2,paid
EMP0144,Sales,12,2025,27,25,1,1,0,51000,6120.0,5100.0,1500,63720.0,6854.4,200,3540.0,10594.4,53125.6,paid
EMP0144,Sales,1,2026,27,27,0,0,0,51000,6120.0,5100.0,1500,63720.0,6854.4,200,0.0,7054.4,56665.6,paid
EMP0144,Sales,2,2026,24,22,2,0,0,51000,6120.0,5100.0,1500,63720.0,6854.4,200,5310.0,12364.4,51355.6,paid
EMP0144,Sales,3,2026,26,24,2,0,0,51000,6120.0,5100.0,1500,63720.0,6854.4,200,4901.54,11955.94,51764.06,paid
EMP0144,Sales,4,2026,26,24,0,1,1,51000,6120.0,5100.0,1500,63720.0,6854.4,200,1225.38,8279.78,55440.22,paid
EMP0144,Sales,5,2026,26,24,1,0,1,51000,6120.0,5100.0,1500,63720.0,6854.4,200,2450.77,9505.17,54214.83,paid
EMP0144,Sales,6,2026,26,22,2,1,1,51000,6120.0,5100.0,1500,63720.0,6854.4,200,6126.92,13181.32,50538.68,paid
EMP0144,Sales,7,2026,27,24,0,3,0,51000,6120.0,5100.0,1500,63720.0,6854.4,200,3540.0,10594.4,53125.6,generated
EMP0145,Sales,8,2025,26,25,1,0,0,43500,5220.0,4350.0,1500,54570.0,5846.4,200,2098.85,8145.25,46424.75,paid
EMP0145,Sales,9,2025,26,24,1,1,0,43500,5220.0,4350.0,1500,54570.0,5846.4,200,3148.27,9194.67,45375.33,paid
EMP0145,Sales,10,2025,27,20,4,2,1,43500,5220.0,4350.0,1500,54570.0,5846.4,200,10105.56,16151.96,38418.04,paid
EMP0145,Sales,11,2025,25,22,2,0,1,43500,5220.0,4350.0,1500,54570.0,5846.4,200,4365.6,10412.0,44158.0,paid
EMP0145,Sales,12,2025,27,21,3,2,1,43500,5220.0,4350.0,1500,54570.0,5846.4,200,8084.44,14130.84,40439.16,paid
EMP0145,Sales,1,2026,27,25,1,0,1,43500,5220.0,4350.0,1500,54570.0,5846.4,200,2021.11,8067.51,46502.49,paid
EMP0145,Sales,2,2026,24,23,0,0,1,43500,5220.0,4350.0,1500,54570.0,5846.4,200,0.0,6046.4,48523.6,paid
EMP0145,Sales,3,2026,26,21,1,2,2,43500,5220.0,4350.0,1500,54570.0,5846.4,200,4197.69,10244.09,44325.91,paid
EMP0145,Sales,4,2026,26,23,3,0,0,48500,5820.0,4850.0,1500,60670.0,6518.4,200,7000.38,13718.78,46951.22,paid
EMP0145,Sales,5,2026,26,23,0,1,2,49000,5880.0,4900.0,1500,61280.0,6585.6,200,1178.46,7964.06,53315.94,paid
EMP0145,Sales,6,2026,26,25,0,1,0,46500,5580.0,4650.0,1500,58230.0,6249.6,200,1119.81,7569.41,50660.59,paid
EMP0145,Sales,7,2026,27,23,1,2,1,49500,5940.0,4950.0,1500,61890.0,6652.8,200,4584.44,11437.24,50452.76,generated
EMP0146,Operations,8,2025,26,26,0,0,0,38000,4560.0,3800.0,0,46360.0,5107.2,200,0.0,5307.2,41052.8,paid
EMP0146,Operations,9,2025,26,23,1,0,2,38000,4560.0,3800.0,0,46360.0,5107.2,200,1783.08,7090.28,39269.72,paid
EMP0146,Operations,10,2025,27,26,1,0,0,38000,4560.0,3800.0,0,46360.0,5107.2,200,1717.04,7024.24,39335.76,paid
EMP0146,Operations,11,2025,25,22,1,1,1,38000,4560.0,3800.0,0,46360.0,5107.2,200,2781.6,8088.8,38271.2,paid
EMP0146,Operations,12,2025,27,25,2,0,0,38000,4560.0,3800.0,0,46360.0,5107.2,200,3434.07,8741.27,37618.73,paid
EMP0146,Operations,1,2026,27,26,0,0,1,38000,4560.0,3800.0,0,46360.0,5107.2,200,0.0,5307.2,41052.8,paid
EMP0146,Operations,2,2026,24,19,1,2,2,38000,4560.0,3800.0,0,46360.0,5107.2,200,3863.33,9170.53,37189.47,paid
EMP0146,Operations,3,2026,26,25,0,1,0,38000,4560.0,3800.0,0,46360.0,5107.2,200,891.54,6198.74,40161.26,paid
EMP0146,Operations,4,2026,26,25,0,1,0,43000,5160.0,4300.0,0,52460.0,5779.2,200,1008.85,6988.05,45471.95,paid
EMP0146,Operations,5,2026,26,23,2,0,1,42000,5040.0,4200.0,0,51240.0,5644.8,200,3941.54,9786.34,41453.66,paid
EMP0146,Operations,6,2026,26,24,1,1,0,42000,5040.0,4200.0,0,51240.0,5644.8,200,2956.15,8800.95,42439.05,paid
EMP0146,Operations,7,2026,27,27,0,0,0,42000,5040.0,4200.0,0,51240.0,5644.8,200,0.0,5844.8,45395.2,generated
EMP0147,Operations,8,2025,26,24,0,1,1,37000,4440.0,3700.0,2000,47140.0,4972.8,200,906.54,6079.34,41060.66,paid
EMP0147,Operations,9,2025,26,24,1,0,1,37000,4440.0,3700.0,2000,47140.0,4972.8,200,1813.08,6985.88,40154.12,paid
EMP0147,Operations,10,2025,27,25,2,0,0,37000,4440.0,3700.0,2000,47140.0,4972.8,200,3491.85,8664.65,38475.35,paid
EMP0147,Operations,11,2025,25,22,0,1,2,37000,4440.0,3700.0,2000,47140.0,4972.8,200,942.8,6115.6,41024.4,paid
EMP0147,Operations,12,2025,27,23,1,1,2,37000,4440.0,3700.0,2000,47140.0,4972.8,200,2618.89,7791.69,39348.31,paid
EMP0147,Operations,1,2026,27,25,1,0,1,37000,4440.0,3700.0,2000,47140.0,4972.8,200,1745.93,6918.73,40221.27,paid
EMP0147,Operations,2,2026,24,23,0,1,0,37000,4440.0,3700.0,2000,47140.0,4972.8,200,982.08,6154.88,40985.12,paid
EMP0147,Operations,3,2026,26,25,0,0,1,37000,4440.0,3700.0,2000,47140.0,4972.8,200,0.0,5172.8,41967.2,paid
EMP0147,Operations,4,2026,26,24,0,2,0,41500,4980.0,4150.0,2000,52630.0,5577.6,200,2024.23,7801.83,44828.17,paid
EMP0147,Operations,5,2026,26,24,2,0,0,41000,4920.0,4100.0,2000,52020.0,5510.4,200,4001.54,9711.94,42308.06,paid
EMP0147,Operations,6,2026,26,25,0,1,0,41500,4980.0,4150.0,2000,52630.0,5577.6,200,1012.12,6789.72,45840.28,paid
EMP0147,Operations,7,2026,27,26,0,0,1,42000,5040.0,4200.0,2000,53240.0,5644.8,200,0.0,5844.8,47395.2,generated
EMP0148,Engineering,8,2025,26,23,1,1,1,70000,8400.0,7000.0,0,85400.0,9408.0,200,4926.92,14534.92,70865.08,paid
EMP0148,Engineering,9,2025,26,24,1,1,0,70000,8400.0,7000.0,0,85400.0,9408.0,200,4926.92,14534.92,70865.08,paid
EMP0148,Engineering,10,2025,27,25,0,2,0,70000,8400.0,7000.0,0,85400.0,9408.0,200,3162.96,12770.96,72629.04,paid
EMP0148,Engineering,11,2025,25,22,2,1,0,70000,8400.0,7000.0,0,85400.0,9408.0,200,8540.0,18148.0,67252.0,paid
EMP0148,Engineering,12,2025,27,25,1,0,1,70000,8400.0,7000.0,0,85400.0,9408.0,200,3162.96,12770.96,72629.04,paid
EMP0148,Engineering,1,2026,27,26,0,1,0,70000,8400.0,7000.0,0,85400.0,9408.0,200,1581.48,11189.48,74210.52,paid
EMP0148,Engineering,2,2026,24,23,0,1,0,70000,8400.0,7000.0,0,85400.0,9408.0,200,1779.17,11387.17,74012.83,paid
EMP0148,Engineering,3,2026,26,26,0,0,0,70000,8400.0,7000.0,0,85400.0,9408.0,200,0.0,9608.0,75792.0,paid
EMP0148,Engineering,4,2026,26,23,1,0,2,78000,9360.0,7800.0,0,95160.0,10483.2,200,3660.0,14343.2,80816.8,paid
EMP0148,Engineering,5,2026,26,25,1,0,0,74500,8940.0,7450.0,0,90890.0,10012.8,200,3495.77,13708.57,77181.43,paid
EMP0148,Engineering,6,2026,26,25,0,1,0,76500,9180.0,7650.0,0,93330.0,10281.6,200,1794.81,12276.41,81053.59,paid
EMP0148,Engineering,7,2026,27,27,0,0,0,75500,9060.0,7550.0,0,92110.0,10147.2,200,0.0,10347.2,81762.8,generated
EMP0149,Support,8,2025,26,24,0,2,0,36000,4320.0,3600.0,2500,46420.0,4838.4,200,1785.38,6823.78,39596.22,paid
EMP0149,Support,9,2025,26,23,1,1,1,36000,4320.0,3600.0,2500,46420.0,4838.4,200,2678.08,7716.48,38703.52,paid
EMP0149,Support,10,2025,27,23,4,0,0,36000,4320.0,3600.0,2500,46420.0,4838.4,200,6877.04,11915.44,34504.56,paid
EMP0149,Support,11,2025,25,24,1,0,0,36000,4320.0,3600.0,2500,46420.0,4838.4,200,1856.8,6895.2,39524.8,paid
EMP0149,Support,12,2025,27,25,0,0,2,36000,4320.0,3600.0,2500,46420.0,4838.4,200,0.0,5038.4,41381.6,paid
EMP0149,Support,1,2026,27,24,0,1,2,36000,4320.0,3600.0,2500,46420.0,4838.4,200,859.63,5898.03,40521.97,paid
EMP0149,Support,2,2026,24,24,0,0,0,36000,4320.0,3600.0,2500,46420.0,4838.4,200,0.0,5038.4,41381.6,paid
EMP0149,Support,3,2026,26,25,1,0,0,36000,4320.0,3600.0,2500,46420.0,4838.4,200,1785.38,6823.78,39596.22,paid
EMP0149,Support,4,2026,26,25,0,0,1,36000,4320.0,3600.0,2500,46420.0,4838.4,200,0.0,5038.4,41381.6,paid
EMP0149,Support,5,2026,26,24,2,0,0,36000,4320.0,3600.0,2500,46420.0,4838.4,200,3570.77,8609.17,37810.83,paid
EMP0149,Support,6,2026,26,26,0,0,0,36000,4320.0,3600.0,2500,46420.0,4838.4,200,0.0,5038.4,41381.6,paid
EMP0149,Support,7,2026,27,26,0,0,1,36000,4320.0,3600.0,2500,46420.0,4838.4,200,0.0,5038.4,41381.6,generated
EMP0150,HR,8,2025,26,24,2,0,0,38000,4560.0,3800.0,2000,48360.0,5107.2,200,3720.0,9027.2,39332.8,paid
EMP0150,HR,9,2025,26,24,1,0,1,38000,4560.0,3800.0,2000,48360.0,5107.2,200,1860.0,7167.2,41192.8,paid
EMP0150,HR,10,2025,27,26,0,1,0,38000,4560.0,3800.0,2000,48360.0,5107.2,200,895.56,6202.76,42157.24,paid
EMP0150,HR,11,2025,25,21,2,1,1,38000,4560.0,3800.0,2000,48360.0,5107.2,200,4836.0,10143.2,38216.8,paid
EMP0150,HR,12,2025,27,27,0,0,0,38000,4560.0,3800.0,2000,48360.0,5107.2,200,0.0,5307.2,43052.8,paid
EMP0150,HR,1,2026,27,25,1,1,0,38000,4560.0,3800.0,2000,48360.0,5107.2,200,2686.67,7993.87,40366.13,paid
EMP0150,HR,2,2026,24,23,1,0,0,38000,4560.0,3800.0,2000,48360.0,5107.2,200,2015.0,7322.2,41037.8,paid
EMP0150,HR,3,2026,26,25,1,0,0,38000,4560.0,3800.0,2000,48360.0,5107.2,200,1860.0,7167.2,41192.8,paid
EMP0150,HR,4,2026,26,24,2,0,0,40500,4860.0,4050.0,2000,51410.0,5443.2,200,3954.62,9597.82,41812.18,paid
EMP0150,HR,5,2026,26,25,0,1,0,42500,5100.0,4250.0,2000,53850.0,5712.0,200,1035.58,6947.58,46902.42,paid
EMP0150,HR,6,2026,26,24,0,1,1,42000,5040.0,4200.0,2000,53240.0,5644.8,200,1023.85,6868.65,46371.35,paid
EMP0150,HR,7,2026,27,27,0,0,0,40500,4860.0,4050.0,2000,51410.0,5443.2,200,0.0,5643.2,45766.8,generated
EMP0151,Support,8,2025,26,24,0,1,1,39500,4740.0,3950.0,1000,49190.0,5308.8,200,945.96,6454.76,42735.24,paid
EMP0151,Support,9,2025,26,24,1,1,0,39500,4740.0,3950.0,1000,49190.0,5308.8,200,2837.88,8346.68,40843.32,paid
EMP0151,Support,10,2025,27,26,1,0,0,39500,4740.0,3950.0,1000,49190.0,5308.8,200,1821.85,7330.65,41859.35,paid
EMP0151,Support,11,2025,25,21,1,3,0,39500,4740.0,3950.0,1000,49190.0,5308.8,200,4919.0,10427.8,38762.2,paid
EMP0151,Support,12,2025,27,25,0,0,2,39500,4740.0,3950.0,1000,49190.0,5308.8,200,0.0,5508.8,43681.2,paid
EMP0151,Support,1,2026,27,25,1,0,1,39500,4740.0,3950.0,1000,49190.0,5308.8,200,1821.85,7330.65,41859.35,paid
EMP0151,Support,2,2026,24,24,0,0,0,39500,4740.0,3950.0,1000,49190.0,5308.8,200,0.0,5508.8,43681.2,paid
EMP0151,Support,3,2026,26,24,1,1,0,39500,4740.0,3950.0,1000,49190.0,5308.8,200,2837.88,8346.68,40843.32,paid
EMP0151,Support,4,2026,26,23,0,2,1,44000,5280.0,4400.0,1000,54680.0,5913.6,200,2103.08,8216.68,46463.32,paid
EMP0151,Support,5,2026,26,25,1,0,0,42500,5100.0,4250.0,1000,52850.0,5712.0,200,2032.69,7944.69,44905.31,paid
EMP0151,Support,6,2026,26,23,1,0,2,45000,5400.0,4500.0,1000,55900.0,6048.0,200,2150.0,8398.0,47502.0,paid
EMP0151,Support,7,2026,27,26,0,1,0,44000,5280.0,4400.0,1000,54680.0,5913.6,200,1012.59,7126.19,47553.81,generated
EMP0152,Sales,8,2025,26,24,0,1,1,39000,4680.0,3900.0,0,47580.0,5241.6,200,915.0,6356.6,41223.4,paid
EMP0152,Sales,9,2025,26,24,1,1,0,39000,4680.0,3900.0,0,47580.0,5241.6,200,2745.0,8186.6,39393.4,paid
EMP0152,Sales,10,2025,27,26,0,0,1,39000,4680.0,3900.0,0,47580.0,5241.6,200,0.0,5441.6,42138.4,paid
EMP0152,Sales,11,2025,25,22,3,0,0,39000,4680.0,3900.0,0,47580.0,5241.6,200,5709.6,11151.2,36428.8,paid
EMP0152,Sales,12,2025,27,26,1,0,0,39000,4680.0,3900.0,0,47580.0,5241.6,200,1762.22,7203.82,40376.18,paid
EMP0152,Sales,1,2026,27,26,1,0,0,39000,4680.0,3900.0,0,47580.0,5241.6,200,1762.22,7203.82,40376.18,paid
EMP0152,Sales,2,2026,24,24,0,0,0,39000,4680.0,3900.0,0,47580.0,5241.6,200,0.0,5441.6,42138.4,paid
EMP0152,Sales,3,2026,26,25,0,0,1,39000,4680.0,3900.0,0,47580.0,5241.6,200,0.0,5441.6,42138.4,paid
EMP0152,Sales,4,2026,26,24,0,1,1,41500,4980.0,4150.0,0,50630.0,5577.6,200,973.65,6751.25,43878.75,paid
EMP0152,Sales,5,2026,26,21,3,1,1,44000,5280.0,4400.0,0,53680.0,5913.6,200,7226.15,13339.75,40340.25,paid
EMP0152,Sales,6,2026,26,23,0,2,1,41500,4980.0,4150.0,0,50630.0,5577.6,200,1947.31,7724.91,42905.09,paid
EMP0152,Sales,7,2026,27,27,0,0,0,41500,4980.0,4150.0,0,50630.0,5577.6,200,0.0,5777.6,44852.4,generated
EMP0153,HR,8,2025,26,25,1,0,0,51000,6120.0,5100.0,2000,64220.0,6854.4,200,2470.0,9524.4,54695.6,paid
EMP0153,HR,9,2025,26,26,0,0,0,51000,6120.0,5100.0,2000,64220.0,6854.4,200,0.0,7054.4,57165.6,paid
EMP0153,HR,10,2025,27,24,2,0,1,51000,6120.0,5100.0,2000,64220.0,6854.4,200,4757.04,11811.44,52408.56,paid
EMP0153,HR,11,2025,25,24,0,0,1,51000,6120.0,5100.0,2000,64220.0,6854.4,200,0.0,7054.4,57165.6,paid
EMP0153,HR,12,2025,27,26,1,0,0,51000,6120.0,5100.0,2000,64220.0,6854.4,200,2378.52,9432.92,54787.08,paid
EMP0153,HR,1,2026,27,27,0,0,0,51000,6120.0,5100.0,2000,64220.0,6854.4,200,0.0,7054.4,57165.6,paid
EMP0153,HR,2,2026,24,23,0,1,0,51000,6120.0,5100.0,2000,64220.0,6854.4,200,1337.92,8392.32,55827.68,paid
EMP0153,HR,3,2026,26,25,0,0,1,51000,6120.0,5100.0,2000,64220.0,6854.4,200,0.0,7054.4,57165.6,paid
EMP0153,HR,4,2026,26,25,1,0,0,55500,6660.0,5550.0,2000,69710.0,7459.2,200,2681.15,10340.35,59369.65,paid
EMP0153,HR,5,2026,26,24,0,0,2,54500,6540.0,5450.0,2000,68490.0,7324.8,200,0.0,7524.8,60965.2,paid
EMP0153,HR,6,2026,26,24,2,0,0,57500,6900.0,5750.0,2000,72150.0,7728.0,200,5550.0,13478.0,58672.0,paid
EMP0153,HR,7,2026,27,27,0,0,0,58000,6960.0,5800.0,2000,72760.0,7795.2,200,0.0,7995.2,64764.8,generated
EMP0154,Engineering,6,2026,26,25,1,0,0,49500,5940.0,4950.0,0,60390.0,6652.8,200,2322.69,9175.49,51214.51,paid
EMP0154,Engineering,7,2026,27,27,0,0,0,49500,5940.0,4950.0,0,60390.0,6652.8,200,0.0,6852.8,53537.2,generated
EMP0155,Sales,8,2025,26,25,0,1,0,61000,7320.0,6100.0,1500,75920.0,8198.4,200,1460.0,9858.4,66061.6,paid
EMP0155,Sales,9,2025,26,24,1,1,0,61000,7320.0,6100.0,1500,75920.0,8198.4,200,4380.0,12778.4,63141.6,paid
EMP0155,Sales,10,2025,27,21,2,2,2,61000,7320.0,6100.0,1500,75920.0,8198.4,200,8435.56,16833.96,59086.04,paid
EMP0155,Sales,11,2025,25,22,0,2,1,61000,7320.0,6100.0,1500,75920.0,8198.4,200,3036.8,11435.2,64484.8,paid
EMP0155,Sales,12,2025,27,25,1,0,1,61000,7320.0,6100.0,1500,75920.0,8198.4,200,2811.85,11210.25,64709.75,paid
EMP0155,Sales,1,2026,27,26,0,0,1,61000,7320.0,6100.0,1500,75920.0,8198.4,200,0.0,8398.4,67521.6,paid
EMP0155,Sales,2,2026,24,22,0,1,1,61000,7320.0,6100.0,1500,75920.0,8198.4,200,1581.67,9980.07,65939.93,paid
EMP0155,Sales,3,2026,26,23,2,0,1,61000,7320.0,6100.0,1500,75920.0,8198.4,200,5840.0,14238.4,61681.6,paid
EMP0155,Sales,4,2026,26,23,2,1,0,68500,8220.0,6850.0,1500,85070.0,9206.4,200,8179.81,17586.21,67483.79,paid
EMP0155,Sales,5,2026,26,24,1,1,0,66500,7980.0,6650.0,1500,82630.0,8937.6,200,4767.12,13904.72,68725.28,paid
EMP0155,Sales,6,2026,26,21,3,2,0,66000,7920.0,6600.0,1500,82020.0,8870.4,200,12618.46,21688.86,60331.14,paid
EMP0155,Sales,7,2026,27,25,1,1,0,66500,7980.0,6650.0,1500,82630.0,8937.6,200,4590.56,13728.16,68901.84,generated
EMP0156,Engineering,8,2025,26,25,0,0,1,68500,8220.0,6850.0,1000,84570.0,9206.4,200,0.0,9406.4,75163.6,paid
EMP0156,Engineering,9,2025,26,26,0,0,0,68500,8220.0,6850.0,1000,84570.0,9206.4,200,0.0,9406.4,75163.6,paid
EMP0156,Engineering,10,2025,27,23,0,4,0,68500,8220.0,6850.0,1000,84570.0,9206.4,200,6264.44,15670.84,68899.16,paid
EMP0156,Engineering,11,2025,25,21,2,2,0,68500,8220.0,6850.0,1000,84570.0,9206.4,200,10148.4,19554.8,65015.2,paid
EMP0156,Engineering,12,2025,27,26,1,0,0,68500,8220.0,6850.0,1000,84570.0,9206.4,200,3132.22,12538.62,72031.38,paid
EMP0156,Engineering,1,2026,27,24,0,1,2,68500,8220.0,6850.0,1000,84570.0,9206.4,200,1566.11,10972.51,73597.49,paid
EMP0156,Engineering,2,2026,24,23,0,0,1,68500,8220.0,6850.0,1000,84570.0,9206.4,200,0.0,9406.4,75163.6,paid
EMP0156,Engineering,3,2026,26,24,1,1,0,68500,8220.0,6850.0,1000,84570.0,9206.4,200,4879.04,14285.44,70284.56,paid
EMP0156,Engineering,4,2026,26,26,0,0,0,68500,8220.0,6850.0,1000,84570.0,9206.4,200,0.0,9406.4,75163.6,paid
EMP0156,Engineering,5,2026,26,25,0,0,1,68500,8220.0,6850.0,1000,84570.0,9206.4,200,0.0,9406.4,75163.6,paid
EMP0156,Engineering,6,2026,26,25,1,0,0,68500,8220.0,6850.0,1000,84570.0,9206.4,200,3252.69,12659.09,71910.91,paid
EMP0156,Engineering,7,2026,27,26,1,0,0,68500,8220.0,6850.0,1000,84570.0,9206.4,200,3132.22,12538.62,72031.38,generated
EMP0157,Marketing,4,2026,26,25,1,0,0,48500,5820.0,4850.0,1000,60170.0,6518.4,200,2314.23,9032.63,51137.37,paid
EMP0157,Marketing,5,2026,26,24,1,1,0,48500,5820.0,4850.0,1000,60170.0,6518.4,200,3471.35,10189.75,49980.25,paid
EMP0157,Marketing,6,2026,26,24,0,0,2,48500,5820.0,4850.0,1000,60170.0,6518.4,200,0.0,6718.4,53451.6,paid
EMP0157,Marketing,7,2026,27,26,0,0,1,48500,5820.0,4850.0,1000,60170.0,6518.4,200,0.0,6718.4,53451.6,generated
EMP0158,Engineering,8,2025,26,25,0,1,0,88000,10560.0,8800.0,0,107360.0,11827.2,200,2064.62,14091.82,93268.18,paid
EMP0158,Engineering,9,2025,26,26,0,0,0,88000,10560.0,8800.0,0,107360.0,11827.2,200,0.0,12027.2,95332.8,paid
EMP0158,Engineering,10,2025,27,26,0,1,0,88000,10560.0,8800.0,0,107360.0,11827.2,200,1988.15,14015.35,93344.65,paid
EMP0158,Engineering,11,2025,25,24,0,1,0,88000,10560.0,8800.0,0,107360.0,11827.2,200,2147.2,14174.4,93185.6,paid
EMP0158,Engineering,12,2025,27,26,0,0,1,88000,10560.0,8800.0,0,107360.0,11827.2,200,0.0,12027.2,95332.8,paid
EMP0158,Engineering,1,2026,27,27,0,0,0,88000,10560.0,8800.0,0,107360.0,11827.2,200,0.0,12027.2,95332.8,paid
EMP0158,Engineering,2,2026,24,21,0,0,3,88000,10560.0,8800.0,0,107360.0,11827.2,200,0.0,12027.2,95332.8,paid
EMP0158,Engineering,3,2026,26,25,1,0,0,88000,10560.0,8800.0,0,107360.0,11827.2,200,4129.23,16156.43,91203.57,paid
EMP0158,Engineering,4,2026,26,22,3,0,1,94000,11280.0,9400.0,0,114680.0,12633.6,200,13232.31,26065.91,88614.09,paid
EMP0158,Engineering,5,2026,26,22,3,0,1,99500,11940.0,9950.0,0,121390.0,13372.8,200,14006.54,27579.34,93810.66,paid
EMP0158,Engineering,6,2026,26,24,0,2,0,95000,11400.0,9500.0,0,115900.0,12768.0,200,4457.69,17425.69,98474.31,paid
EMP0158,Engineering,7,2026,27,26,1,0,0,95000,11400.0,9500.0,0,115900.0,12768.0,200,4292.59,17260.59,98639.41,generated
EMP0159,Operations,8,2025,26,24,0,0,2,47500,5700.0,4750.0,0,57950.0,6384.0,200,0.0,6584.0,51366.0,paid
EMP0159,Operations,9,2025,26,24,0,2,0,47500,5700.0,4750.0,0,57950.0,6384.0,200,2228.85,8812.85,49137.15,paid
EMP0159,Operations,10,2025,27,25,1,1,0,47500,5700.0,4750.0,0,57950.0,6384.0,200,3219.44,9803.44,48146.56,paid
EMP0159,Operations,11,2025,25,24,0,1,0,47500,5700.0,4750.0,0,57950.0,6384.0,200,1159.0,7743.0,50207.0,paid
EMP0159,Operations,12,2025,27,24,1,0,2,47500,5700.0,4750.0,0,57950.0,6384.0,200,2146.3,8730.3,49219.7,paid
EMP0159,Operations,1,2026,27,25,0,0,2,47500,5700.0,4750.0,0,57950.0,6384.0,200,0.0,6584.0,51366.0,paid
EMP0159,Operations,2,2026,24,24,0,0,0,47500,5700.0,4750.0,0,57950.0,6384.0,200,0.0,6584.0,51366.0,paid
EMP0159,Operations,3,2026,26,25,1,0,0,47500,5700.0,4750.0,0,57950.0,6384.0,200,2228.85,8812.85,49137.15,paid
EMP0159,Operations,4,2026,26,24,2,0,0,47500,5700.0,4750.0,0,57950.0,6384.0,200,4457.69,11041.69,46908.31,paid
EMP0159,Operations,5,2026,26,24,1,0,1,47500,5700.0,4750.0,0,57950.0,6384.0,200,2228.85,8812.85,49137.15,paid
EMP0159,Operations,6,2026,26,25,1,0,0,47500,5700.0,4750.0,0,57950.0,6384.0,200,2228.85,8812.85,49137.15,paid
EMP0159,Operations,7,2026,27,26,0,1,0,47500,5700.0,4750.0,0,57950.0,6384.0,200,1073.15,7657.15,50292.85,generated
EMP0160,Finance,8,2025,26,24,0,1,1,49000,5880.0,4900.0,0,59780.0,6585.6,200,1149.62,7935.22,51844.78,paid
EMP0160,Finance,9,2025,26,26,0,0,0,49000,5880.0,4900.0,0,59780.0,6585.6,200,0.0,6785.6,52994.4,paid
EMP0160,Finance,10,2025,27,25,1,1,0,49000,5880.0,4900.0,0,59780.0,6585.6,200,3321.11,10106.71,49673.29,paid
EMP0160,Finance,11,2025,25,24,0,0,1,49000,5880.0,4900.0,0,59780.0,6585.6,200,0.0,6785.6,52994.4,paid
EMP0160,Finance,12,2025,27,25,0,1,1,49000,5880.0,4900.0,0,59780.0,6585.6,200,1107.04,7892.64,51887.36,paid
EMP0160,Finance,1,2026,27,23,2,2,0,49000,5880.0,4900.0,0,59780.0,6585.6,200,6642.22,13427.82,46352.18,paid
EMP0160,Finance,2,2026,24,23,1,0,0,49000,5880.0,4900.0,0,59780.0,6585.6,200,2490.83,9276.43,50503.57,paid
EMP0160,Finance,3,2026,26,25,1,0,0,49000,5880.0,4900.0,0,59780.0,6585.6,200,2299.23,9084.83,50695.17,paid
EMP0160,Finance,4,2026,26,24,1,0,1,54500,6540.0,5450.0,0,66490.0,7324.8,200,2557.31,10082.11,56407.89,paid
EMP0160,Finance,5,2026,26,26,0,0,0,54500,6540.0,5450.0,0,66490.0,7324.8,200,0.0,7524.8,58965.2,paid
EMP0160,Finance,6,2026,26,24,0,0,2,55500,6660.0,5550.0,0,67710.0,7459.2,200,0.0,7659.2,60050.8,paid
EMP0160,Finance,7,2026,27,26,0,1,0,56000,6720.0,5600.0,0,68320.0,7526.4,200,1265.19,8991.59,59328.41,generated
EMP0161,Engineering,8,2025,26,25,1,0,0,47000,5640.0,4700.0,0,57340.0,6316.8,200,2205.38,8722.18,48617.82,paid
EMP0161,Engineering,9,2025,26,25,0,0,1,47000,5640.0,4700.0,0,57340.0,6316.8,200,0.0,6516.8,50823.2,paid
EMP0161,Engineering,10,2025,27,26,1,0,0,47000,5640.0,4700.0,0,57340.0,6316.8,200,2123.7,8640.5,48699.5,paid
EMP0161,Engineering,11,2025,25,22,1,0,2,47000,5640.0,4700.0,0,57340.0,6316.8,200,2293.6,8810.4,48529.6,paid
EMP0161,Engineering,12,2025,27,25,0,1,1,47000,5640.0,4700.0,0,57340.0,6316.8,200,1061.85,7578.65,49761.35,paid
EMP0161,Engineering,1,2026,27,25,0,0,2,47000,5640.0,4700.0,0,57340.0,6316.8,200,0.0,6516.8,50823.2,paid
EMP0161,Engineering,2,2026,24,24,0,0,0,47000,5640.0,4700.0,0,57340.0,6316.8,200,0.0,6516.8,50823.2,paid
EMP0161,Engineering,3,2026,26,23,1,0,2,47000,5640.0,4700.0,0,57340.0,6316.8,200,2205.38,8722.18,48617.82,paid
EMP0161,Engineering,4,2026,26,24,0,0,2,51500,6180.0,5150.0,0,62830.0,6921.6,200,0.0,7121.6,55708.4,paid
EMP0161,Engineering,5,2026,26,25,1,0,0,53500,6420.0,5350.0,0,65270.0,7190.4,200,2510.38,9900.78,55369.22,paid
EMP0161,Engineering,6,2026,26,26,0,0,0,53500,6420.0,5350.0,0,65270.0,7190.4,200,0.0,7390.4,57879.6,paid
EMP0161,Engineering,7,2026,27,25,0,1,1,53000,6360.0,5300.0,0,64660.0,7123.2,200,1197.41,8520.61,56139.39,generated
EMP0162,Operations,8,2025,26,22,2,2,0,49000,5880.0,4900.0,1000,60780.0,6585.6,200,7013.08,13798.68,46981.32,paid
EMP0162,Operations,9,2025,26,24,1,0,1,49000,5880.0,4900.0,1000,60780.0,6585.6,200,2337.69,9123.29,51656.71,paid
EMP0162,Operations,10,2025,27,26,1,0,0,49000,5880.0,4900.0,1000,60780.0,6585.6,200,2251.11,9036.71,51743.29,paid
EMP0162,Operations,11,2025,25,22,0,2,1,49000,5880.0,4900.0,1000,60780.0,6585.6,200,2431.2,9216.8,51563.2,paid
EMP0162,Operations,12,2025,27,26,0,1,0,49000,5880.0,4900.0,1000,60780.0,6585.6,200,1125.56,7911.16,52868.84,paid
EMP0162,Operations,1,2026,27,25,0,1,1,49000,5880.0,4900.0,1000,60780.0,6585.6,200,1125.56,7911.16,52868.84,paid
EMP0162,Operations,2,2026,24,20,2,0,2,49000,5880.0,4900.0,1000,60780.0,6585.6,200,5065.0,11850.6,48929.4,paid
EMP0162,Operations,3,2026,26,25,1,0,0,49000,5880.0,4900.0,1000,60780.0,6585.6,200,2337.69,9123.29,51656.71,paid
EMP0162,Operations,4,2026,26,23,2,1,0,55500,6660.0,5550.0,1000,68710.0,7459.2,200,6606.73,14265.93,54444.07,paid
EMP0162,Operations,5,2026,26,25,1,0,0,54500,6540.0,5450.0,1000,67490.0,7324.8,200,2595.77,10120.57,57369.43,paid
EMP0162,Operations,6,2026,26,25,1,0,0,52500,6300.0,5250.0,1000,65050.0,7056.0,200,2501.92,9757.92,55292.08,paid
EMP0162,Operations,7,2026,27,27,0,0,0,55500,6660.0,5550.0,1000,68710.0,7459.2,200,0.0,7659.2,61050.8,generated
EMP0163,HR,8,2025,26,23,0,2,1,32500,3900.0,3250.0,1000,40650.0,4368.0,200,1563.46,6131.46,34518.54,paid
EMP0163,HR,9,2025,26,26,0,0,0,32500,3900.0,3250.0,1000,40650.0,4368.0,200,0.0,4568.0,36082.0,paid
EMP0163,HR,10,2025,27,25,2,0,0,32500,3900.0,3250.0,1000,40650.0,4368.0,200,3011.11,7579.11,33070.89,paid
EMP0163,HR,11,2025,25,24,1,0,0,32500,3900.0,3250.0,1000,40650.0,4368.0,200,1626.0,6194.0,34456.0,paid
EMP0163,HR,12,2025,27,21,2,2,2,32500,3900.0,3250.0,1000,40650.0,4368.0,200,4516.67,9084.67,31565.33,paid
EMP0163,HR,1,2026,27,26,0,0,1,32500,3900.0,3250.0,1000,40650.0,4368.0,200,0.0,4568.0,36082.0,paid
EMP0163,HR,2,2026,24,24,0,0,0,32500,3900.0,3250.0,1000,40650.0,4368.0,200,0.0,4568.0,36082.0,paid
EMP0163,HR,3,2026,26,24,0,1,1,32500,3900.0,3250.0,1000,40650.0,4368.0,200,781.73,5349.73,35300.27,paid
EMP0163,HR,4,2026,26,24,1,1,0,35000,4200.0,3500.0,1000,43700.0,4704.0,200,2521.15,7425.15,36274.85,paid
EMP0163,HR,5,2026,26,25,0,1,0,37000,4440.0,3700.0,1000,46140.0,4972.8,200,887.31,6060.11,40079.89,paid
EMP0163,HR,6,2026,26,25,0,1,0,36000,4320.0,3600.0,1000,44920.0,4838.4,200,863.85,5902.25,39017.75,paid
EMP0163,HR,7,2026,27,23,1,0,3,35500,4260.0,3550.0,1000,44310.0,4771.2,200,1641.11,6612.31,37697.69,generated
EMP0164,Finance,8,2025,26,25,0,0,1,46000,5520.0,4600.0,0,56120.0,6182.4,200,0.0,6382.4,49737.6,paid
EMP0164,Finance,9,2025,26,20,3,1,2,46000,5520.0,4600.0,0,56120.0,6182.4,200,7554.62,13937.02,42182.98,paid
EMP0164,Finance,10,2025,27,27,0,0,0,46000,5520.0,4600.0,0,56120.0,6182.4,200,0.0,6382.4,49737.6,paid
EMP0164,Finance,11,2025,25,22,2,0,1,46000,5520.0,4600.0,0,56120.0,6182.4,200,4489.6,10872.0,45248.0,paid
EMP0164,Finance,12,2025,27,23,0,2,2,46000,5520.0,4600.0,0,56120.0,6182.4,200,2078.52,8460.92,47659.08,paid
EMP0164,Finance,1,2026,27,27,0,0,0,46000,5520.0,4600.0,0,56120.0,6182.4,200,0.0,6382.4,49737.6,paid
EMP0164,Finance,2,2026,24,20,0,2,2,46000,5520.0,4600.0,0,56120.0,6182.4,200,2338.33,8720.73,47399.27,paid
EMP0164,Finance,3,2026,26,25,1,0,0,46000,5520.0,4600.0,0,56120.0,6182.4,200,2158.46,8540.86,47579.14,paid
EMP0164,Finance,4,2026,26,25,1,0,0,52000,6240.0,5200.0,0,63440.0,6988.8,200,2440.0,9628.8,53811.2,paid
EMP0164,Finance,5,2026,26,25,0,1,0,50000,6000.0,5000.0,0,61000.0,6720.0,200,1173.08,8093.08,52906.92,paid
EMP0164,Finance,6,2026,26,26,0,0,0,49000,5880.0,4900.0,0,59780.0,6585.6,200,0.0,6785.6,52994.4,paid
EMP0164,Finance,7,2026,27,27,0,0,0,51500,6180.0,5150.0,0,62830.0,6921.6,200,0.0,7121.6,55708.4,generated
EMP0165,Engineering,8,2025,26,26,0,0,0,52000,6240.0,5200.0,0,63440.0,6988.8,200,0.0,7188.8,56251.2,paid
EMP0165,Engineering,9,2025,26,23,1,1,1,52000,6240.0,5200.0,0,63440.0,6988.8,200,3660.0,10848.8,52591.2,paid
EMP0165,Engineering,10,2025,27,22,2,2,1,52000,6240.0,5200.0,0,63440.0,6988.8,200,7048.89,14237.69,49202.31,paid
EMP0165,Engineering,11,2025,25,23,0,1,1,52000,6240.0,5200.0,0,63440.0,6988.8,200,1268.8,8457.6,54982.4,paid
EMP0165,Engineering,12,2025,27,25,1,1,0,52000,6240.0,5200.0,0,63440.0,6988.8,200,3524.44,10713.24,52726.76,paid
EMP0165,Engineering,1,2026,27,27,0,0,0,52000,6240.0,5200.0,0,63440.0,6988.8,200,0.0,7188.8,56251.2,paid
EMP0165,Engineering,2,2026,24,23,0,1,0,52000,6240.0,5200.0,0,63440.0,6988.8,200,1321.67,8510.47,54929.53,paid
EMP0165,Engineering,3,2026,26,26,0,0,0,52000,6240.0,5200.0,0,63440.0,6988.8,200,0.0,7188.8,56251.2,paid
EMP0165,Engineering,4,2026,26,23,1,1,1,56500,6780.0,5650.0,0,68930.0,7593.6,200,3976.73,11770.33,57159.67,paid
EMP0165,Engineering,5,2026,26,23,2,1,0,58500,7020.0,5850.0,0,71370.0,7862.4,200,6862.5,14924.9,56445.1,paid
EMP0165,Engineering,6,2026,26,26,0,0,0,59000,7080.0,5900.0,0,71980.0,7929.6,200,0.0,8129.6,63850.4,paid
EMP0165,Engineering,7,2026,27,26,0,0,1,57000,6840.0,5700.0,0,69540.0,7660.8,200,0.0,7860.8,61679.2,generated
EMP0166,Operations,2,2026,24,23,0,0,1,39500,4740.0,3950.0,0,48190.0,5308.8,200,0.0,5508.8,42681.2,paid
EMP0166,Operations,3,2026,26,26,0,0,0,39500,4740.0,3950.0,0,48190.0,5308.8,200,0.0,5508.8,42681.2,paid
EMP0166,Operations,4,2026,26,25,0,0,1,39500,4740.0,3950.0,0,48190.0,5308.8,200,0.0,5508.8,42681.2,paid
EMP0166,Operations,5,2026,26,25,0,0,1,39500,4740.0,3950.0,0,48190.0,5308.8,200,0.0,5508.8,42681.2,paid
EMP0166,Operations,6,2026,26,23,2,1,0,39500,4740.0,3950.0,0,48190.0,5308.8,200,4633.65,10142.45,38047.55,paid
EMP0166,Operations,7,2026,27,27,0,0,0,39500,4740.0,3950.0,0,48190.0,5308.8,200,0.0,5508.8,42681.2,generated
EMP0167,Engineering,8,2025,26,26,0,0,0,56000,6720.0,5600.0,2000,70320.0,7526.4,200,0.0,7726.4,62593.6,paid
EMP0167,Engineering,9,2025,26,23,1,0,2,56000,6720.0,5600.0,2000,70320.0,7526.4,200,2704.62,10431.02,59888.98,paid
EMP0167,Engineering,10,2025,27,26,0,0,1,56000,6720.0,5600.0,2000,70320.0,7526.4,200,0.0,7726.4,62593.6,paid
EMP0167,Engineering,11,2025,25,24,0,0,1,56000,6720.0,5600.0,2000,70320.0,7526.4,200,0.0,7726.4,62593.6,paid
EMP0167,Engineering,12,2025,27,27,0,0,0,56000,6720.0,5600.0,2000,70320.0,7526.4,200,0.0,7726.4,62593.6,paid
EMP0167,Engineering,1,2026,27,27,0,0,0,56000,6720.0,5600.0,2000,70320.0,7526.4,200,0.0,7726.4,62593.6,paid
EMP0167,Engineering,2,2026,24,22,1,1,0,56000,6720.0,5600.0,2000,70320.0,7526.4,200,4395.0,12121.4,58198.6,paid
EMP0167,Engineering,3,2026,26,24,0,1,1,56000,6720.0,5600.0,2000,70320.0,7526.4,200,1352.31,9078.71,61241.29,paid
EMP0167,Engineering,4,2026,26,25,1,0,0,62500,7500.0,6250.0,2000,78250.0,8400.0,200,3009.62,11609.62,66640.38,paid
EMP0167,Engineering,5,2026,26,25,1,0,0,59500,7140.0,5950.0,2000,74590.0,7996.8,200,2868.85,11065.65,63524.35,paid
EMP0167,Engineering,6,2026,26,25,1,0,0,63000,7560.0,6300.0,2000,78860.0,8467.2,200,3033.08,11700.28,67159.72,paid
EMP0167,Engineering,7,2026,27,27,0,0,0,61500,7380.0,6150.0,2000,77030.0,8265.6,200,0.0,8465.6,68564.4,generated
EMP0168,Finance,8,2025,26,25,0,0,1,36000,4320.0,3600.0,1000,44920.0,4838.4,200,0.0,5038.4,39881.6,paid
EMP0168,Finance,9,2025,26,26,0,0,0,36000,4320.0,3600.0,1000,44920.0,4838.4,200,0.0,5038.4,39881.6,paid
EMP0168,Finance,10,2025,27,24,1,1,1,36000,4320.0,3600.0,1000,44920.0,4838.4,200,2495.56,7533.96,37386.04,paid
EMP0168,Finance,11,2025,25,22,2,1,0,36000,4320.0,3600.0,1000,44920.0,4838.4,200,4492.0,9530.4,35389.6,paid
EMP0168,Finance,12,2025,27,25,0,1,1,36000,4320.0,3600.0,1000,44920.0,4838.4,200,831.85,5870.25,39049.75,paid
EMP0168,Finance,1,2026,27,27,0,0,0,36000,4320.0,3600.0,1000,44920.0,4838.4,200,0.0,5038.4,39881.6,paid
EMP0168,Finance,2,2026,24,23,0,0,1,36000,4320.0,3600.0,1000,44920.0,4838.4,200,0.0,5038.4,39881.6,paid
EMP0168,Finance,3,2026,26,24,2,0,0,36000,4320.0,3600.0,1000,44920.0,4838.4,200,3455.38,8493.78,36426.22,paid
EMP0168,Finance,4,2026,26,24,0,2,0,39000,4680.0,3900.0,1000,48580.0,5241.6,200,1868.46,7310.06,41269.94,paid
EMP0168,Finance,5,2026,26,25,1,0,0,40500,4860.0,4050.0,1000,50410.0,5443.2,200,1938.85,7582.05,42827.95,paid
EMP0168,Finance,6,2026,26,25,0,1,0,39500,4740.0,3950.0,1000,49190.0,5308.8,200,945.96,6454.76,42735.24,paid
EMP0168,Finance,7,2026,27,22,2,2,1,40500,4860.0,4050.0,1000,50410.0,5443.2,200,5601.11,11244.31,39165.69,generated
EMP0169,Finance,8,2025,26,22,2,0,2,51000,6120.0,5100.0,0,62220.0,6854.4,200,4786.15,11840.55,50379.45,paid
EMP0169,Finance,9,2025,26,21,2,2,1,51000,6120.0,5100.0,0,62220.0,6854.4,200,7179.23,14233.63,47986.37,paid
EMP0169,Finance,10,2025,27,23,0,1,3,51000,6120.0,5100.0,0,62220.0,6854.4,200,1152.22,8206.62,54013.38,paid
EMP0169,Finance,11,2025,25,22,2,0,1,51000,6120.0,5100.0,0,62220.0,6854.4,200,4977.6,12032.0,50188.0,paid
EMP0169,Finance,12,2025,27,27,0,0,0,51000,6120.0,5100.0,0,62220.0,6854.4,200,0.0,7054.4,55165.6,paid
EMP0169,Finance,1,2026,27,26,1,0,0,51000,6120.0,5100.0,0,62220.0,6854.4,200,2304.44,9358.84,52861.16,paid
EMP0169,Finance,2,2026,24,22,1,0,1,51000,6120.0,5100.0,0,62220.0,6854.4,200,2592.5,9646.9,52573.1,paid
EMP0169,Finance,3,2026,26,25,1,0,0,51000,6120.0,5100.0,0,62220.0,6854.4,200,2393.08,9447.48,52772.52,paid
EMP0169,Finance,4,2026,26,23,1,0,2,56000,6720.0,5600.0,0,68320.0,7526.4,200,2627.69,10354.09,57965.91,paid
EMP0169,Finance,5,2026,26,24,0,1,1,58000,6960.0,5800.0,0,70760.0,7795.2,200,1360.77,9355.97,61404.03,paid
EMP0169,Finance,6,2026,26,25,0,0,1,57000,6840.0,5700.0,0,69540.0,7660.8,200,0.0,7860.8,61679.2,paid
EMP0169,Finance,7,2026,27,27,0,0,0,57000,6840.0,5700.0,0,69540.0,7660.8,200,0.0,7860.8,61679.2,generated
EMP0170,Marketing,8,2025,26,24,1,1,0,33500,4020.0,3350.0,1500,42370.0,4502.4,200,2444.42,7146.82,35223.18,paid
EMP0170,Marketing,9,2025,26,25,0,0,1,33500,4020.0,3350.0,1500,42370.0,4502.4,200,0.0,4702.4,37667.6,paid
EMP0170,Marketing,10,2025,27,26,0,1,0,33500,4020.0,3350.0,1500,42370.0,4502.4,200,784.63,5487.03,36882.97,paid
EMP0170,Marketing,11,2025,25,25,0,0,0,33500,4020.0,3350.0,1500,42370.0,4502.4,200,0.0,4702.4,37667.6,paid
EMP0170,Marketing,12,2025,27,23,0,1,3,33500,4020.0,3350.0,1500,42370.0,4502.4,200,784.63,5487.03,36882.97,paid
EMP0170,Marketing,1,2026,27,26,0,1,0,33500,4020.0,3350.0,1500,42370.0,4502.4,200,784.63,5487.03,36882.97,paid
EMP0170,Marketing,2,2026,24,22,1,0,1,33500,4020.0,3350.0,1500,42370.0,4502.4,200,1765.42,6467.82,35902.18,paid
EMP0170,Marketing,3,2026,26,23,2,1,0,33500,4020.0,3350.0,1500,42370.0,4502.4,200,4074.04,8776.44,33593.56,paid
EMP0170,Marketing,4,2026,26,25,0,1,0,36000,4320.0,3600.0,1500,45420.0,4838.4,200,873.46,5911.86,39508.14,paid
EMP0170,Marketing,5,2026,26,24,1,1,0,37500,4500.0,3750.0,1500,47250.0,5040.0,200,2725.96,7965.96,39284.04,paid
EMP0170,Marketing,6,2026,26,25,1,0,0,37000,4440.0,3700.0,1500,46640.0,4972.8,200,1793.85,6966.65,39673.35,paid
EMP0170,Marketing,7,2026,27,26,1,0,0,37500,4500.0,3750.0,1500,47250.0,5040.0,200,1750.0,6990.0,40260.0,generated
EMP0171,Engineering,11,2025,25,24,1,0,0,61500,7380.0,6150.0,1000,76030.0,8265.6,200,3041.2,11506.8,64523.2,paid
EMP0171,Engineering,12,2025,27,27,0,0,0,61500,7380.0,6150.0,1000,76030.0,8265.6,200,0.0,8465.6,67564.4,paid
EMP0171,Engineering,1,2026,27,25,1,0,1,61500,7380.0,6150.0,1000,76030.0,8265.6,200,2815.93,11281.53,64748.47,paid
EMP0171,Engineering,2,2026,24,22,1,1,0,61500,7380.0,6150.0,1000,76030.0,8265.6,200,4751.88,13217.48,62812.52,paid
EMP0171,Engineering,3,2026,26,26,0,0,0,61500,7380.0,6150.0,1000,76030.0,8265.6,200,0.0,8465.6,67564.4,paid
EMP0171,Engineering,4,2026,26,24,0,1,1,61500,7380.0,6150.0,1000,76030.0,8265.6,200,1462.12,9927.72,66102.28,paid
EMP0171,Engineering,5,2026,26,24,1,1,0,61500,7380.0,6150.0,1000,76030.0,8265.6,200,4386.35,12851.95,63178.05,paid
EMP0172,Engineering,8,2025,26,24,1,1,0,53500,6420.0,5350.0,0,65270.0,7190.4,200,3765.58,11155.98,54114.02,paid
EMP0172,Engineering,9,2025,26,25,0,0,1,53500,6420.0,5350.0,0,65270.0,7190.4,200,0.0,7390.4,57879.6,paid
EMP0172,Engineering,10,2025,27,25,0,2,0,53500,6420.0,5350.0,0,65270.0,7190.4,200,2417.41,9807.81,55462.19,paid
EMP0172,Engineering,11,2025,25,22,2,1,0,53500,6420.0,5350.0,0,65270.0,7190.4,200,6527.0,13917.4,51352.6,paid
EMP0172,Engineering,12,2025,27,26,0,0,1,53500,6420.0,5350.0,0,65270.0,7190.4,200,0.0,7390.4,57879.6,paid
EMP0172,Engineering,1,2026,27,26,0,1,0,53500,6420.0,5350.0,0,65270.0,7190.4,200,1208.7,8599.1,56670.9,paid
EMP0172,Engineering,2,2026,24,21,1,0,2,53500,6420.0,5350.0,0,65270.0,7190.4,200,2719.58,10109.98,55160.02,paid
EMP0172,Engineering,3,2026,26,23,2,1,0,53500,6420.0,5350.0,0,65270.0,7190.4,200,6275.96,13666.36,51603.64,paid
EMP0172,Engineering,4,2026,26,25,0,1,0,60500,7260.0,6050.0,0,73810.0,8131.2,200,1419.42,9750.62,64059.38,paid
EMP0172,Engineering,5,2026,26,24,1,0,1,59500,7140.0,5950.0,0,72590.0,7996.8,200,2791.92,10988.72,61601.28,paid
EMP0172,Engineering,6,2026,26,23,0,2,1,59000,7080.0,5900.0,0,71980.0,7929.6,200,2768.46,10898.06,61081.94,paid
EMP0172,Engineering,7,2026,27,24,1,1,1,60500,7260.0,6050.0,0,73810.0,8131.2,200,4100.56,12431.76,61378.24,generated
EMP0173,Engineering,8,2025,26,26,0,0,0,57000,6840.0,5700.0,0,69540.0,7660.8,200,0.0,7860.8,61679.2,paid
EMP0173,Engineering,9,2025,26,26,0,0,0,57000,6840.0,5700.0,0,69540.0,7660.8,200,0.0,7860.8,61679.2,paid
EMP0173,Engineering,10,2025,27,26,0,0,1,57000,6840.0,5700.0,0,69540.0,7660.8,200,0.0,7860.8,61679.2,paid
EMP0173,Engineering,11,2025,25,21,2,1,1,57000,6840.0,5700.0,0,69540.0,7660.8,200,6954.0,14814.8,54725.2,paid
EMP0173,Engineering,12,2025,27,27,0,0,0,57000,6840.0,5700.0,0,69540.0,7660.8,200,0.0,7860.8,61679.2,paid
EMP0173,Engineering,1,2026,27,26,0,1,0,57000,6840.0,5700.0,0,69540.0,7660.8,200,1287.78,9148.58,60391.42,paid
EMP0173,Engineering,2,2026,24,23,1,0,0,57000,6840.0,5700.0,0,69540.0,7660.8,200,2897.5,10758.3,58781.7,paid
EMP0173,Engineering,3,2026,26,25,1,0,0,57000,6840.0,5700.0,0,69540.0,7660.8,200,2674.62,10535.42,59004.58,paid
EMP0173,Engineering,4,2026,26,26,0,0,0,64000,7680.0,6400.0,0,78080.0,8601.6,200,0.0,8801.6,69278.4,paid
EMP0173,Engineering,5,2026,26,24,0,0,2,64000,7680.0,6400.0,0,78080.0,8601.6,200,0.0,8801.6,69278.4,paid
EMP0173,Engineering,6,2026,26,23,1,1,1,64500,7740.0,6450.0,0,78690.0,8668.8,200,4539.81,13408.61,65281.39,paid
EMP0173,Engineering,7,2026,27,27,0,0,0,61000,7320.0,6100.0,0,74420.0,8198.4,200,0.0,8398.4,66021.6,generated
EMP0174,Operations,8,2025,26,25,0,0,1,51000,6120.0,5100.0,0,62220.0,6854.4,200,0.0,7054.4,55165.6,paid
EMP0174,Operations,9,2025,26,22,2,2,0,51000,6120.0,5100.0,0,62220.0,6854.4,200,7179.23,14233.63,47986.37,paid
EMP0174,Operations,10,2025,27,27,0,0,0,51000,6120.0,5100.0,0,62220.0,6854.4,200,0.0,7054.4,55165.6,paid
EMP0174,Operations,11,2025,25,22,1,0,2,51000,6120.0,5100.0,0,62220.0,6854.4,200,2488.8,9543.2,52676.8,paid
EMP0174,Operations,12,2025,27,27,0,0,0,51000,6120.0,5100.0,0,62220.0,6854.4,200,0.0,7054.4,55165.6,paid
EMP0174,Operations,1,2026,27,23,1,2,1,51000,6120.0,5100.0,0,62220.0,6854.4,200,4608.89,11663.29,50556.71,paid
EMP0174,Operations,2,2026,24,22,1,1,0,51000,6120.0,5100.0,0,62220.0,6854.4,200,3888.75,10943.15,51276.85,paid
EMP0174,Operations,3,2026,26,21,3,2,0,51000,6120.0,5100.0,0,62220.0,6854.4,200,9572.31,16626.71,45593.29,paid
EMP0174,Operations,4,2026,26,24,0,2,0,56000,6720.0,5600.0,0,68320.0,7526.4,200,2627.69,10354.09,57965.91,paid
EMP0174,Operations,5,2026,26,22,1,3,0,54500,6540.0,5450.0,0,66490.0,7324.8,200,6393.27,13918.07,52571.93,paid
EMP0174,Operations,6,2026,26,25,0,0,1,57000,6840.0,5700.0,0,69540.0,7660.8,200,0.0,7860.8,61679.2,paid
EMP0174,Operations,7,2026,27,27,0,0,0,56000,6720.0,5600.0,0,68320.0,7526.4,200,0.0,7726.4,60593.6,generated
EMP0175,Operations,8,2025,26,26,0,0,0,50000,6000.0,5000.0,2500,63500.0,6720.0,200,0.0,6920.0,56580.0,paid
EMP0175,Operations,9,2025,26,25,1,0,0,50000,6000.0,5000.0,2500,63500.0,6720.0,200,2442.31,9362.31,54137.69,paid
EMP0175,Operations,10,2025,27,26,1,0,0,50000,6000.0,5000.0,2500,63500.0,6720.0,200,2351.85,9271.85,54228.15,paid
EMP0175,Operations,11,2025,25,24,1,0,0,50000,6000.0,5000.0,2500,63500.0,6720.0,200,2540.0,9460.0,54040.0,paid
EMP0175,Operations,12,2025,27,25,2,0,0,50000,6000.0,5000.0,2500,63500.0,6720.0,200,4703.7,11623.7,51876.3,paid
EMP0175,Operations,1,2026,27,25,2,0,0,50000,6000.0,5000.0,2500,63500.0,6720.0,200,4703.7,11623.7,51876.3,paid
EMP0175,Operations,2,2026,24,23,1,0,0,50000,6000.0,5000.0,2500,63500.0,6720.0,200,2645.83,9565.83,53934.17,paid
EMP0175,Operations,3,2026,26,26,0,0,0,50000,6000.0,5000.0,2500,63500.0,6720.0,200,0.0,6920.0,56580.0,paid
EMP0175,Operations,4,2026,26,25,0,1,0,50000,6000.0,5000.0,2500,63500.0,6720.0,200,1221.15,8141.15,55358.85,paid
EMP0175,Operations,5,2026,26,25,0,1,0,50000,6000.0,5000.0,2500,63500.0,6720.0,200,1221.15,8141.15,55358.85,paid
EMP0175,Operations,6,2026,26,23,2,0,1,50000,6000.0,5000.0,2500,63500.0,6720.0,200,4884.62,11804.62,51695.38,paid
EMP0175,Operations,7,2026,27,26,0,0,1,50000,6000.0,5000.0,2500,63500.0,6720.0,200,0.0,6920.0,56580.0,generated
EMP0176,Engineering,8,2025,26,25,1,0,0,57000,6840.0,5700.0,0,69540.0,7660.8,200,2674.62,10535.42,59004.58,paid
EMP0176,Engineering,9,2025,26,23,0,2,1,57000,6840.0,5700.0,0,69540.0,7660.8,200,2674.62,10535.42,59004.58,paid
EMP0176,Engineering,10,2025,27,26,0,1,0,57000,6840.0,5700.0,0,69540.0,7660.8,200,1287.78,9148.58,60391.42,paid
EMP0176,Engineering,11,2025,25,21,2,1,1,57000,6840.0,5700.0,0,69540.0,7660.8,200,6954.0,14814.8,54725.2,paid
EMP0176,Engineering,12,2025,27,26,0,1,0,57000,6840.0,5700.0,0,69540.0,7660.8,200,1287.78,9148.58,60391.42,paid
EMP0176,Engineering,1,2026,27,27,0,0,0,57000,6840.0,5700.0,0,69540.0,7660.8,200,0.0,7860.8,61679.2,paid
EMP0176,Engineering,2,2026,24,22,0,0,2,57000,6840.0,5700.0,0,69540.0,7660.8,200,0.0,7860.8,61679.2,paid
EMP0176,Engineering,3,2026,26,25,0,1,0,57000,6840.0,5700.0,0,69540.0,7660.8,200,1337.31,9198.11,60341.89,paid
EMP0176,Engineering,4,2026,26,25,1,0,0,63500,7620.0,6350.0,0,77470.0,8534.4,200,2979.62,11714.02,65755.98,paid
EMP0176,Engineering,5,2026,26,25,0,0,1,61000,7320.0,6100.0,0,74420.0,8198.4,200,0.0,8398.4,66021.6,paid
EMP0176,Engineering,6,2026,26,25,0,1,0,63000,7560.0,6300.0,0,76860.0,8467.2,200,1478.08,10145.28,66714.72,paid
EMP0176,Engineering,7,2026,27,27,0,0,0,61000,7320.0,6100.0,0,74420.0,8198.4,200,0.0,8398.4,66021.6,generated
EMP0177,Support,8,2025,26,25,0,1,0,33000,3960.0,3300.0,1000,41260.0,4435.2,200,793.46,5428.66,35831.34,paid
EMP0177,Support,9,2025,26,25,0,0,1,33000,3960.0,3300.0,1000,41260.0,4435.2,200,0.0,4635.2,36624.8,paid
EMP0177,Support,10,2025,27,23,1,2,1,33000,3960.0,3300.0,1000,41260.0,4435.2,200,3056.3,7691.5,33568.5,paid
EMP0177,Support,11,2025,25,23,0,0,2,33000,3960.0,3300.0,1000,41260.0,4435.2,200,0.0,4635.2,36624.8,paid
EMP0177,Support,12,2025,27,26,1,0,0,33000,3960.0,3300.0,1000,41260.0,4435.2,200,1528.15,6163.35,35096.65,paid
EMP0177,Support,1,2026,27,25,0,1,1,33000,3960.0,3300.0,1000,41260.0,4435.2,200,764.07,5399.27,35860.73,paid
EMP0177,Support,2,2026,24,24,0,0,0,33000,3960.0,3300.0,1000,41260.0,4435.2,200,0.0,4635.2,36624.8,paid
EMP0177,Support,3,2026,26,23,0,1,2,33000,3960.0,3300.0,1000,41260.0,4435.2,200,793.46,5428.66,35831.34,paid
EMP0177,Support,4,2026,26,25,0,1,0,36000,4320.0,3600.0,1000,44920.0,4838.4,200,863.85,5902.25,39017.75,paid
EMP0177,Support,5,2026,26,24,1,0,1,36500,4380.0,3650.0,1000,45530.0,4905.6,200,1751.15,6856.75,38673.25,paid
EMP0177,Support,6,2026,26,24,0,1,1,37000,4440.0,3700.0,1000,46140.0,4972.8,200,887.31,6060.11,40079.89,paid
EMP0177,Support,7,2026,27,26,0,0,1,36500,4380.0,3650.0,1000,45530.0,4905.6,200,0.0,5105.6,40424.4,generated
EMP0178,Engineering,8,2025,26,24,2,0,0,53000,6360.0,5300.0,1000,65660.0,7123.2,200,5050.77,12373.97,53286.03,paid
EMP0178,Engineering,9,2025,26,24,0,1,1,53000,6360.0,5300.0,1000,65660.0,7123.2,200,1262.69,8585.89,57074.11,paid
EMP0178,Engineering,10,2025,27,24,1,1,1,53000,6360.0,5300.0,1000,65660.0,7123.2,200,3647.78,10970.98,54689.02,paid
EMP0178,Engineering,11,2025,25,22,0,1,2,53000,6360.0,5300.0,1000,65660.0,7123.2,200,1313.2,8636.4,57023.6,paid
EMP0178,Engineering,12,2025,27,25,1,1,0,53000,6360.0,5300.0,1000,65660.0,7123.2,200,3647.78,10970.98,54689.02,paid
EMP0178,Engineering,1,2026,27,26,0,1,0,53000,6360.0,5300.0,1000,65660.0,7123.2,200,1215.93,8539.13,57120.87,paid
EMP0178,Engineering,2,2026,24,22,1,0,1,53000,6360.0,5300.0,1000,65660.0,7123.2,200,2735.83,10059.03,55600.97,paid
EMP0178,Engineering,3,2026,26,26,0,0,0,53000,6360.0,5300.0,1000,65660.0,7123.2,200,0.0,7323.2,58336.8,paid
EMP0178,Engineering,4,2026,26,26,0,0,0,53000,6360.0,5300.0,1000,65660.0,7123.2,200,0.0,7323.2,58336.8,paid
EMP0178,Engineering,5,2026,26,26,0,0,0,53000,6360.0,5300.0,1000,65660.0,7123.2,200,0.0,7323.2,58336.8,paid
EMP0178,Engineering,6,2026,26,26,0,0,0,53000,6360.0,5300.0,1000,65660.0,7123.2,200,0.0,7323.2,58336.8,paid
EMP0178,Engineering,7,2026,27,25,2,0,0,53000,6360.0,5300.0,1000,65660.0,7123.2,200,4863.7,12186.9,53473.1,generated
EMP0179,Sales,8,2025,26,24,1,0,1,48500,5820.0,4850.0,1000,60170.0,6518.4,200,2314.23,9032.63,51137.37,paid
EMP0179,Sales,9,2025,26,25,0,1,0,48500,5820.0,4850.0,1000,60170.0,6518.4,200,1157.12,7875.52,52294.48,paid
EMP0179,Sales,10,2025,27,27,0,0,0,48500,5820.0,4850.0,1000,60170.0,6518.4,200,0.0,6718.4,53451.6,paid
EMP0179,Sales,11,2025,25,25,0,0,0,48500,5820.0,4850.0,1000,60170.0,6518.4,200,0.0,6718.4,53451.6,paid
EMP0179,Sales,12,2025,27,25,0,2,0,48500,5820.0,4850.0,1000,60170.0,6518.4,200,2228.52,8946.92,51223.08,paid
EMP0179,Sales,1,2026,27,27,0,0,0,48500,5820.0,4850.0,1000,60170.0,6518.4,200,0.0,6718.4,53451.6,paid
EMP0179,Sales,2,2026,24,24,0,0,0,48500,5820.0,4850.0,1000,60170.0,6518.4,200,0.0,6718.4,53451.6,paid
EMP0179,Sales,3,2026,26,24,0,0,2,48500,5820.0,4850.0,1000,60170.0,6518.4,200,0.0,6718.4,53451.6,paid
EMP0179,Sales,4,2026,26,20,4,2,0,54000,6480.0,5400.0,1000,66880.0,7257.6,200,12861.54,20319.14,46560.86,paid
EMP0179,Sales,5,2026,26,24,2,0,0,52000,6240.0,5200.0,1000,64440.0,6988.8,200,4956.92,12145.72,52294.28,paid
EMP0179,Sales,6,2026,26,22,1,3,0,54000,6480.0,5400.0,1000,66880.0,7257.6,200,6430.77,13888.37,52991.63,paid
EMP0179,Sales,7,2026,27,27,0,0,0,53000,6360.0,5300.0,1000,65660.0,7123.2,200,0.0,7323.2,58336.8,generated
EMP0180,Marketing,8,2025,26,25,0,1,0,47500,5700.0,4750.0,1000,58950.0,6384.0,200,1133.65,7717.65,51232.35,paid
EMP0180,Marketing,9,2025,26,23,0,1,2,47500,5700.0,4750.0,1000,58950.0,6384.0,200,1133.65,7717.65,51232.35,paid
EMP0180,Marketing,10,2025,27,23,3,1,0,47500,5700.0,4750.0,1000,58950.0,6384.0,200,7641.67,14225.67,44724.33,paid
EMP0180,Marketing,11,2025,25,20,2,2,1,47500,5700.0,4750.0,1000,58950.0,6384.0,200,7074.0,13658.0,45292.0,paid
EMP0180,Marketing,12,2025,27,24,1,1,1,47500,5700.0,4750.0,1000,58950.0,6384.0,200,3275.0,9859.0,49091.0,paid
EMP0180,Marketing,1,2026,27,27,0,0,0,47500,5700.0,4750.0,1000,58950.0,6384.0,200,0.0,6584.0,52366.0,paid
EMP0180,Marketing,2,2026,24,24,0,0,0,47500,5700.0,4750.0,1000,58950.0,6384.0,200,0.0,6584.0,52366.0,paid
EMP0180,Marketing,3,2026,26,25,1,0,0,47500,5700.0,4750.0,1000,58950.0,6384.0,200,2267.31,8851.31,50098.69,paid
EMP0180,Marketing,4,2026,26,23,3,0,0,51000,6120.0,5100.0,1000,63220.0,6854.4,200,7294.62,14349.02,48870.98,paid
EMP0180,Marketing,5,2026,26,26,0,0,0,53500,6420.0,5350.0,1000,66270.0,7190.4,200,0.0,7390.4,58879.6,paid
EMP0180,Marketing,6,2026,26,25,1,0,0,54000,6480.0,5400.0,1000,66880.0,7257.6,200,2572.31,10029.91,56850.09,paid
EMP0180,Marketing,7,2026,27,26,0,1,0,51500,6180.0,5150.0,1000,63830.0,6921.6,200,1182.04,8303.64,55526.36,generated
EMP0181,Engineering,8,2025,26,25,0,1,0,71000,8520.0,7100.0,0,86620.0,9542.4,200,1665.77,11408.17,75211.83,paid
EMP0181,Engineering,9,2025,26,26,0,0,0,71000,8520.0,7100.0,0,86620.0,9542.4,200,0.0,9742.4,76877.6,paid
EMP0181,Engineering,10,2025,27,26,0,1,0,71000,8520.0,7100.0,0,86620.0,9542.4,200,1604.07,11346.47,75273.53,paid
EMP0181,Engineering,11,2025,25,21,2,1,1,71000,8520.0,7100.0,0,86620.0,9542.4,200,8662.0,18404.4,68215.6,paid
EMP0181,Engineering,12,2025,27,26,0,1,0,71000,8520.0,7100.0,0,86620.0,9542.4,200,1604.07,11346.47,75273.53,paid
EMP0181,Engineering,1,2026,27,26,1,0,0,71000,8520.0,7100.0,0,86620.0,9542.4,200,3208.15,12950.55,73669.45,paid
EMP0181,Engineering,2,2026,24,23,0,0,1,71000,8520.0,7100.0,0,86620.0,9542.4,200,0.0,9742.4,76877.6,paid
EMP0181,Engineering,3,2026,26,25,0,0,1,71000,8520.0,7100.0,0,86620.0,9542.4,200,0.0,9742.4,76877.6,paid
EMP0181,Engineering,4,2026,26,25,0,1,0,76000,9120.0,7600.0,0,92720.0,10214.4,200,1783.08,12197.48,80522.52,paid
EMP0181,Engineering,5,2026,26,24,0,1,1,79500,9540.0,7950.0,0,96990.0,10684.8,200,1865.19,12749.99,84240.01,paid
EMP0181,Engineering,6,2026,26,25,1,0,0,81000,9720.0,8100.0,0,98820.0,10886.4,200,3800.77,14887.17,83932.83,paid
EMP0181,Engineering,7,2026,27,26,1,0,0,77500,9300.0,7750.0,0,94550.0,10416.0,200,3501.85,14117.85,80432.15,generated
EMP0182,HR,8,2025,26,26,0,0,0,43500,5220.0,4350.0,1000,54070.0,5846.4,200,0.0,6046.4,48023.6,paid
EMP0182,HR,9,2025,26,24,1,0,1,43500,5220.0,4350.0,1000,54070.0,5846.4,200,2079.62,8126.02,45943.98,paid
EMP0182,HR,10,2025,27,22,2,2,1,43500,5220.0,4350.0,1000,54070.0,5846.4,200,6007.78,12054.18,42015.82,paid
EMP0182,HR,11,2025,25,24,0,1,0,43500,5220.0,4350.0,1000,54070.0,5846.4,200,1081.4,7127.8,46942.2,paid
EMP0182,HR,12,2025,27,25,1,0,1,43500,5220.0,4350.0,1000,54070.0,5846.4,200,2002.59,8048.99,46021.01,paid
EMP0182,HR,1,2026,27,23,0,2,2,43500,5220.0,4350.0,1000,54070.0,5846.4,200,2002.59,8048.99,46021.01,paid
EMP0182,HR,2,2026,24,22,2,0,0,43500,5220.0,4350.0,1000,54070.0,5846.4,200,4505.83,10552.23,43517.77,paid
EMP0182,HR,3,2026,26,26,0,0,0,43500,5220.0,4350.0,1000,54070.0,5846.4,200,0.0,6046.4,48023.6,paid
EMP0182,HR,4,2026,26,25,0,0,1,49000,5880.0,4900.0,1000,60780.0,6585.6,200,0.0,6785.6,53994.4,paid
EMP0182,HR,5,2026,26,24,0,1,1,46500,5580.0,4650.0,1000,57730.0,6249.6,200,1110.19,7559.79,50170.21,paid
EMP0182,HR,6,2026,26,26,0,0,0,47000,5640.0,4700.0,1000,58340.0,6316.8,200,0.0,6516.8,51823.2,paid
EMP0182,HR,7,2026,27,25,0,0,2,46500,5580.0,4650.0,1000,57730.0,6249.6,200,0.0,6449.6,51280.4,generated
EMP0183,Support,8,2025,26,26,0,0,0,23000,2760.0,2300.0,0,28060.0,3091.2,200,0.0,3291.2,24768.8,paid
EMP0183,Support,9,2025,26,25,0,0,1,23000,2760.0,2300.0,0,28060.0,3091.2,200,0.0,3291.2,24768.8,paid
EMP0183,Support,10,2025,27,26,0,1,0,23000,2760.0,2300.0,0,28060.0,3091.2,200,519.63,3810.83,24249.17,paid
EMP0183,Support,11,2025,25,24,1,0,0,23000,2760.0,2300.0,0,28060.0,3091.2,200,1122.4,4413.6,23646.4,paid
EMP0183,Support,12,2025,27,25,0,2,0,23000,2760.0,2300.0,0,28060.0,3091.2,200,1039.26,4330.46,23729.54,paid
EMP0183,Support,1,2026,27,26,1,0,0,23000,2760.0,2300.0,0,28060.0,3091.2,200,1039.26,4330.46,23729.54,paid
EMP0183,Support,2,2026,24,24,0,0,0,23000,2760.0,2300.0,0,28060.0,3091.2,200,0.0,3291.2,24768.8,paid
EMP0183,Support,3,2026,26,24,1,1,0,23000,2760.0,2300.0,0,28060.0,3091.2,200,1618.85,4910.05,23149.95,paid
EMP0183,Support,4,2026,26,25,0,0,1,25500,3060.0,2550.0,0,31110.0,3427.2,200,0.0,3627.2,27482.8,paid
EMP0183,Support,5,2026,26,25,1,0,0,25500,3060.0,2550.0,0,31110.0,3427.2,200,1196.54,4823.74,26286.26,paid
EMP0183,Support,6,2026,26,20,2,3,1,25500,3060.0,2550.0,0,31110.0,3427.2,200,4187.88,7815.08,23294.92,paid
EMP0183,Support,7,2026,27,24,2,0,1,24500,2940.0,2450.0,0,29890.0,3292.8,200,2214.07,5706.87,24183.13,generated
EMP0184,Finance,8,2025,26,25,1,0,0,49500,5940.0,4950.0,1000,61390.0,6652.8,200,2361.15,9213.95,52176.05,paid
EMP0184,Finance,9,2025,26,25,0,0,1,49500,5940.0,4950.0,1000,61390.0,6652.8,200,0.0,6852.8,54537.2,paid
EMP0184,Finance,10,2025,27,24,1,0,2,49500,5940.0,4950.0,1000,61390.0,6652.8,200,2273.7,9126.5,52263.5,paid
EMP0184,Finance,11,2025,25,24,1,0,0,49500,5940.0,4950.0,1000,61390.0,6652.8,200,2455.6,9308.4,52081.6,paid
EMP0184,Finance,12,2025,27,26,1,0,0,49500,5940.0,4950.0,1000,61390.0,6652.8,200,2273.7,9126.5,52263.5,paid
EMP0184,Finance,1,2026,27,27,0,0,0,49500,5940.0,4950.0,1000,61390.0,6652.8,200,0.0,6852.8,54537.2,paid
EMP0184,Finance,2,2026,24,23,0,0,1,49500,5940.0,4950.0,1000,61390.0,6652.8,200,0.0,6852.8,54537.2,paid
EMP0184,Finance,3,2026,26,25,0,0,1,49500,5940.0,4950.0,1000,61390.0,6652.8,200,0.0,6852.8,54537.2,paid
EMP0184,Finance,4,2026,26,26,0,0,0,49500,5940.0,4950.0,1000,61390.0,6652.8,200,0.0,6852.8,54537.2,paid
EMP0184,Finance,5,2026,26,24,0,1,1,49500,5940.0,4950.0,1000,61390.0,6652.8,200,1180.58,8033.38,53356.62,paid
EMP0184,Finance,6,2026,26,25,1,0,0,49500,5940.0,4950.0,1000,61390.0,6652.8,200,2361.15,9213.95,52176.05,paid
EMP0184,Finance,7,2026,27,25,2,0,0,49500,5940.0,4950.0,1000,61390.0,6652.8,200,4547.41,11400.21,49989.79,generated
EMP0185,Engineering,8,2025,26,26,0,0,0,73000,8760.0,7300.0,2500,91560.0,9811.2,200,0.0,10011.2,81548.8,paid
EMP0185,Engineering,9,2025,26,23,1,2,0,73000,8760.0,7300.0,2500,91560.0,9811.2,200,7043.08,17054.28,74505.72,paid
EMP0185,Engineering,10,2025,27,22,3,0,2,73000,8760.0,7300.0,2500,91560.0,9811.2,200,10173.33,20184.53,71375.47,paid
EMP0185,Engineering,11,2025,25,20,3,1,1,73000,8760.0,7300.0,2500,91560.0,9811.2,200,12818.4,22829.6,68730.4,paid
EMP0185,Engineering,12,2025,27,26,1,0,0,73000,8760.0,7300.0,2500,91560.0,9811.2,200,3391.11,13402.31,78157.69,paid
EMP0185,Engineering,1,2026,27,25,1,1,0,73000,8760.0,7300.0,2500,91560.0,9811.2,200,5086.67,15097.87,76462.13,paid
EMP0185,Engineering,2,2026,24,22,0,1,1,73000,8760.0,7300.0,2500,91560.0,9811.2,200,1907.5,11918.7,79641.3,paid
EMP0185,Engineering,3,2026,26,23,2,0,1,73000,8760.0,7300.0,2500,91560.0,9811.2,200,7043.08,17054.28,74505.72,paid
EMP0185,Engineering,4,2026,26,23,2,0,1,78000,9360.0,7800.0,2500,97660.0,10483.2,200,7512.31,18195.51,79464.49,paid
EMP0185,Engineering,5,2026,26,24,0,2,0,80500,9660.0,8050.0,2500,100710.0,10819.2,200,3873.46,14892.66,85817.34,paid
EMP0185,Engineering,6,2026,26,23,2,1,0,80500,9660.0,8050.0,2500,100710.0,10819.2,200,9683.65,20702.85,80007.15,paid
EMP0185,Engineering,7,2026,27,25,0,2,0,80000,9600.0,8000.0,2500,100100.0,10752.0,200,3707.41,14659.41,85440.59,generated
